id,player_name,games,time,goals,xG,assists,xA,shots,key_passes,yellow_cards,red_cards,position,team_title,npg,npxG,xGChain,xGBuildup
5397,Alexander Sobolev,28,1670,10,9.777477709576488,2,2.463461966253817,57,23,3,0,F S,Zenit St. Petersburg,7,6.760376466438174,10.449831411242485,3.5475813187658787
8782,Eduard Spertsyan,30,2579,13,9.313602260313928,15,9.322885636240244,64,90,3,0,M,FC Krasnodar,8,4.787950462661684,13.540756840258837,6.337990449741483
5535,Dmitry Vorobyev,26,1891,10,9.195771576836705,4,2.852150410413742,61,27,10,0,F S,Lokomotiv Moscow,9,8.4414963144809,13.741800497286022,3.96907658316195
6772,Gamid Agalarov,29,1769,7,9.159968566149473,1,2.7661394085735083,38,19,2,0,F S,Dynamo Makhachkala,4,6.142868768423796,7.647453958168626,0.3372377511113882
12699,Esequiel Barco,29,2526,8,8.464938083663583,7,6.3373609399423,54,69,0,0,F M,Spartak Moscow,2,3.185011001303792,12.784903217107058,8.624527160078287
12518,Alexey Batrakov,28,2500,13,8.347260641399771,9,6.848970768041909,73,76,8,0,F M,Lokomotiv Moscow,11,6.838711547199637,13.896977341268212,5.636718353256583
12508,Manfred Ugalde,29,1844,5,7.368170911446214,3,3.2775432877242565,55,22,6,0,F S,Spartak Moscow,5,7.368170911446214,12.335780138149858,2.49163562245667
11649,Mirlind Daku,24,2073,10,7.3454787619411945,0,1.7905207015573978,51,21,8,0,F S,Rubin Kazan,8,5.082652918994427,6.941084235906601,1.2442269958555698
10530,Olakunle Olusegun,26,2005,5,7.156004708260298,3,2.6173897180706263,60,21,2,1,D F M S,Nizhny Novgorod,3,5.6474540792405605,9.259090587496758,1.5509831570088863
3063,Artem Dzyuba,26,2223,8,6.995512913912535,5,4.5801069075241685,35,44,2,0,F S,Akron,5,3.224136268720031,8.138809090480208,2.840520564466715
2822,George Melkadze,28,2068,7,6.698467701673508,1,2.6955451415851712,52,29,4,1,F S,FK Akhmat,7,5.944192439317703,9.475393814966083,2.809878452681005
7680,Andrey Mostovoy,22,693,6,6.668910138309002,1,0.8791266712360084,23,9,1,0,F M S,Zenit St. Petersburg,2,2.897533554583788,4.9678087290376425,1.4620645996183157
9049,Konstantin Tyukavin,22,1460,9,6.656475726515055,4,1.91993388812989,51,21,2,0,F S,Dinamo Moscow,9,6.656475726515055,8.497835502028465,1.6339683532714844
5516,Egor Golenkov,30,1977,3,6.599094219505787,4,2.8657574988901615,52,27,4,0,F S,FC Rostov,3,5.8448189571499825,8.437050322070718,2.8530626203864813
3015,Nikolay Komlichenko,26,1056,5,6.5688497088849545,4,2.0163810164667666,33,17,5,1,F S,Lokomotiv Moscow,3,4.306023824959993,6.505927968770266,1.9002930633723736
5442,Ivan Oblyakov,29,2562,6,6.555030765943229,5,4.711090624332428,53,66,3,0,M,CSKA Moscow,0,2.0293788639828563,10.081364789046347,6.063678678125143
12064,Juan Manuel Boselli,28,1646,8,6.371920242905617,2,2.5635454393923283,59,21,9,0,F M S,"FC Krasnodar,Nizhny Novgorod",6,4.863369658589363,8.982481398619711,4.342264840379357
13511,Pablo Solari,28,1858,8,6.15312054939568,1,3.8430127073079348,53,34,7,0,F M S,Spartak Moscow,8,6.15312054939568,13.104753154329956,4.453572511672974
9597,Egas Cacintura,28,2381,9,5.927318952977657,4,2.143912859261036,38,29,1,1,F M,FK Akhmat,8,5.173043631017208,10.098951378837228,4.460546514950693
12710,Marquinhos,26,1888,5,5.8603832349181175,6,3.0867482982575893,49,26,5,1,D F M S,Spartak Moscow,5,5.8603832349181175,12.327347181737423,5.554925736039877
7477,Maksim Glushenkov,27,2012,9,5.647645743563771,9,6.259487181901932,64,50,5,0,F M S,Zenit St. Petersburg,9,5.647645743563771,11.509859643876553,2.592521535232663
11030,Luiz Henrique,28,2068,6,5.428130521439016,3,3.007914406247437,50,26,2,0,F M S,Zenit St. Petersburg,6,4.673855259083211,9.478117302060127,3.729751506820321
12487,Jordhy Thompson,28,2150,5,5.365474049001932,5,3.9696944961324334,41,45,3,0,F M S,FC Orenburg,3,3.856923345476389,9.264424128457904,3.9043014338240027
12713,Gilson Benchimol,20,1048,6,5.323247324675322,0,0.3696596175432205,38,6,3,0,F M S,Akron,3,3.060421336442232,3.898122638463974,0.6090160496532917
7620,Aleksandr Rudenko,28,2108,7,5.085234141908586,2,2.8897332940250635,42,22,4,1,F M,Lokomotiv Moscow,7,5.085234141908586,10.430674601346254,2.9468941809609532
6800,Daniil Krugovoy,30,2523,6,4.815875571221113,7,5.26412903284654,48,34,2,0,D F M,CSKA Moscow,6,4.815875571221113,13.20497330185026,5.551570109091699
11673,Tamerlan Musaev,29,1388,4,4.747414055280387,2,1.4565709009766579,47,16,2,0,F S,CSKA Moscow,4,4.747414055280387,7.243117328733206,1.5081834811717272
14479,Adrián Balboa,12,827,3,4.555209182202816,0,0.18494391813874245,30,4,3,0,F M S,Nizhny Novgorod,2,3.8009353168308735,4.303952254354954,0.5290212910622358
9579,Maksim Petrov,26,2107,7,4.412127433344722,3,2.0617972631007433,41,31,2,0,F M S,Baltika,5,2.903576796874404,6.8497366746887565,3.1664972295984626
11455,Kirill Glebov,22,1632,5,4.373765338212252,2,1.1692964183166623,32,18,4,0,F M S,CSKA Moscow,5,4.373765338212252,8.011600404977798,2.6522246077656746
13512,Levi García,25,824,5,4.352474415674806,3,2.705904991365969,26,13,1,0,F S,Spartak Moscow,5,4.352474415674806,6.437127416022122,1.3677123710513115
10641,Ivan Oleynikov,26,1522,5,4.248985894024372,2,2.01457557361573,46,16,3,0,F M S,Krylya Sovetov Samara,5,4.248985894024372,7.754577588289976,2.034273784607649
7185,Alexey Mironov,29,2231,2,4.221499752253294,1,2.467136772349477,43,31,8,0,M S,FC Rostov,0,1.2043985147029161,4.213637119159102,3.639447662048042
11456,Matvey Kislyak,29,2526,5,4.215482288971543,5,3.7849021730944514,38,34,4,0,M S,CSKA Moscow,5,4.215482288971543,10.979797089472413,5.701800864189863
7784,Joao Victor,22,1691,5,4.204035187140107,1,1.3890052093192935,32,26,1,0,D M,FC Krasnodar,5,4.204035187140107,7.847375625744462,3.27644719555974
9800,Nikita Krivtsov,29,1470,7,4.009527495130897,1,1.6376440301537514,30,19,5,0,F M S,FC Krasnodar,7,4.009527495130897,9.38559951633215,5.272812980227172
11675,Gedeon Guzina,27,1103,2,3.794538981281221,1,1.181267756037414,25,12,4,0,F S,FC Orenburg,2,3.794538981281221,6.338198008015752,2.4907261431217194
11660,Emircan Gürlük,24,1676,4,3.779862714931369,1,2.0669063217937946,41,20,0,0,F M S,FC Orenburg,3,3.0255874004215,8.397939598187804,4.612631638534367
6234,Christopher Martins Pereira,27,1144,4,3.7550523662939668,1,2.115938626229763,23,13,1,0,M S,Spartak Moscow,4,3.7550523662939668,6.036696072667837,0.8999923830851912
12477,Ronaldo,26,2050,6,3.7454284662380815,1,1.3087165709584951,27,14,3,1,D F M S,FC Rostov,6,3.7454284662380815,6.8875951040536165,3.038471453823149
9988,Mateo Cassierra,12,533,4,3.713028483092785,1,0.529494964517653,20,7,0,0,F S,Zenit St. Petersburg,4,2.9587531462311745,2.6643513552844524,0.36019795201718807
6793,Daniil Lesovoy,25,1443,3,3.577485472895205,1,1.8213153509423137,22,23,4,0,D F M S,Nizhny Novgorod,3,2.823210150934756,4.613433003425598,0.8065875703468919
6611,Vyacheslav Grulev,21,909,3,3.4618864469230175,0,0.7198945311829448,29,8,2,0,F S,Nizhny Novgorod,3,3.4618864469230175,4.796082889661193,0.8900945922359824
12062,Bitelo,27,2345,7,3.4450936894863844,8,5.557479431852698,55,69,3,0,F M,Dinamo Moscow,7,3.4450936894863844,12.75058825686574,8.100650112144649
11644,Du Queiroz,24,1716,2,3.4274603854864836,2,2.045268304646015,25,19,1,0,M S,FC Orenburg,2,3.4274603854864836,6.577518900856376,2.3526618611067533
13833,Hazem Mastouri,21,1062,2,3.4222904657945037,0,0.5084284506738186,37,8,6,0,F M S,Dynamo Makhachkala,0,1.9137398144230247,2.507739394903183,0.5156321609392762
12661,Dmitri Pestryakov,29,2311,5,3.3631398640573025,4,3.1501285694539547,32,23,0,0,D F M S,Akron,5,3.3631398640573025,7.40067620575428,1.4410742316395044
11686,Mohammad Mohebi,28,1650,3,3.320157429203391,3,1.2656778255477548,33,19,3,0,F M S,FC Rostov,1,1.8116068188101053,4.563648995012045,2.155347083695233
11127,Amar Rahmanovic,25,1676,5,3.3013526741415262,0,1.1237844321876764,19,13,4,0,F S,Krylya Sovetov Samara,4,2.547077337279916,3.902404183521867,1.2344175791367888
12714,Maksim Samorodov,29,1982,5,3.2330462001264095,6,4.609378247521818,45,38,1,0,D F M S,FK Akhmat,5,3.2330462001264095,7.97193836607039,1.9332450814545155
7761,Timur Suleymanov,29,1942,4,3.1854861676692963,0,0.27036477252840996,41,7,7,0,F S,FC Rostov,4,3.1854861676692963,4.38282569963485,1.1504535181447864
11129,Nicolas Moumi Ngamaleu,21,1197,4,3.1834848802536726,2,1.7508108839392662,19,14,1,0,F M S,Dinamo Moscow,2,1.6749342419207096,4.356662061065435,2.294895527884364
13674,Chinonso Offor,24,643,3,3.1770324828103185,0,0.4498221566900611,20,8,4,0,F S,Baltika,3,3.1770324828103185,4.333979744464159,0.9207449760288
11666,Martin Kramaric,19,1398,4,3.1202229615300894,0,0.5694933906197548,15,13,2,0,F M S,PFC Sochi,2,1.6116723250597715,3.1795567851513624,1.1274295942857862
11773,Douglas Augusto,24,1771,2,3.1037665773183107,1,1.6499431608244777,38,19,4,1,M S,FC Krasnodar,2,3.1037665773183107,9.959937795996666,6.921678654849529
7307,Lechii Sadulaev,28,2111,1,3.0967276599258184,2,2.595446988940239,41,41,5,1,F M S,FK Akhmat,1,2.3424523305147886,5.294604301452637,1.4312953492626548
12660,Maksim Boldyrev,24,1705,3,3.0870554838329554,1,1.0841845804825425,31,13,2,0,F M S,Akron,3,3.0870554838329554,5.075778661295772,1.2434225641191006
5536,Daniil Fomin,27,2284,2,3.067098301835358,1,1.0936347041279078,40,16,5,0,M S,Dinamo Moscow,2,3.067098301835358,9.066268481314182,5.750063585117459
12524,Ignacio Saavedra,29,2216,3,3.0417985087260604,1,0.925941051915288,27,13,7,0,M S,"PFC Sochi,Rubin Kazan",3,2.2875246768817306,5.262897156178951,4.116135518997908
11672,Sergey Pryakhin,22,1330,1,2.8847922571003437,1,0.8123865323141217,28,12,4,0,F M S,"Baltika,FK Akhmat",1,2.8847922571003437,3.9255543556064367,0.607576098293066
12650,Stefan Loncar,28,1817,4,2.8803014401346445,2,1.9363847961649299,34,21,5,0,M S,Akron,4,2.1260261479765177,5.422948021441698,2.1427410603500903
13054,Veldin Hodza,29,2026,3,2.819132622331381,1,1.0071262530982494,29,17,5,0,F M S,Rubin Kazan,3,2.819132622331381,4.828530369326472,1.578682598657906
7663,Maksim Osipenko,22,1899,2,2.8158200597390532,1,1.3815640676766634,13,15,4,0,D,Dinamo Moscow,0,1.3072708984836936,7.75524764880538,6.516839038580656
7504,Aleksandr Chernikov,23,1621,1,2.804573830217123,0,0.30253486707806587,26,4,5,1,M S,FC Krasnodar,1,2.804573830217123,5.1939322873950005,3.572764329612255
11108,Batxi,30,2165,2,2.7200603913515806,6,4.604529660195112,33,32,0,0,M S,FC Krasnodar,2,2.7200603913515806,11.32527782395482,4.858819944784045
8257,Gedson Fernandes,27,2175,5,2.7161694215610623,2,1.6090543158352375,28,24,2,0,D F M S,Spartak Moscow,5,2.7161694215610623,8.287656491622329,5.286150217056274
5417,Mohamed Konate,21,630,1,2.7007488906383514,2,0.9662683755159378,16,7,1,0,F S,FK Akhmat,0,1.9464735686779022,3.244386453181505,0.6617058608680964
13513,Maksim Savelyev,22,1124,3,2.689967855811119,0,0.5588539857417345,27,11,0,0,F S,FC Orenburg,3,2.689967855811119,4.034604196436703,1.1698674755170941
12892,Mohammad Javad Hosseinnezhad,29,1890,4,2.6877015000209212,1,3.5923716193065047,34,31,3,0,F M S,Dynamo Makhachkala,4,2.6877015000209212,5.5383639074862,2.0842533595860004
6614,Mikhail Ignatov,25,1545,3,2.661331608891487,1,1.327323398552835,23,16,2,0,F M S,PFC Sochi,3,2.661331608891487,5.233973781578243,2.282719668932259
11141,Kevin Pina,27,1153,1,2.655362560413778,0,0.5837347861379385,28,8,5,0,M S,FC Krasnodar,1,2.655362560413778,5.489305378869176,4.168301127851009
10867,Gustavo Mantuan,24,1961,3,2.652339472435415,1,0.9288239693269134,23,19,3,0,D S,Zenit St. Petersburg,2,1.1437888266518712,6.683167681097984,5.277300305664539
12712,Houssem Eddine Mrezigue,28,2352,1,2.6436640582978725,1,1.7029316574335098,37,23,2,0,M S,Dynamo Makhachkala,1,2.6436640582978725,7.568195395171642,4.388172755017877
2721,Dimitri Barinov,29,2490,3,2.5630598748102784,4,1.9586942745372653,42,23,7,0,D M,"CSKA Moscow,Lokomotiv Moscow",3,2.5630598748102784,7.278665905818343,5.631298130378127
13574,Vladimir Ignatenko,21,393,4,2.5431829169392586,0,0.245966624468565,9,5,0,0,F S,Krylya Sovetov Samara,4,2.5431829169392586,2.235860660672188,0.1578843630850315
7874,Nikolay Titkov,28,1879,2,2.5205614864826202,2,2.4432608857750893,29,33,7,0,F M S,Baltika,2,2.5205614864826202,7.184169538319111,3.8033338971436024
6910,Igor Diveev,28,2472,3,2.4744270434603095,1,0.7768265902996063,31,6,2,0,D S,"CSKA Moscow,Zenit St. Petersburg",3,2.4744270434603095,6.672014802694321,5.783131398260593
12692,Diego Costa,27,2385,3,2.4691149182617664,0,0.934418112039566,26,4,9,1,D,FC Krasnodar,3,2.4691149182617664,7.254084971733391,7.098396256566048
12490,Dardan Shabanhaxhaj,22,1614,2,2.4677046556025743,1,2.32666021771729,38,27,2,0,F M S,Rubin Kazan,2,2.4677046556025743,5.549476828426123,2.4466753769665956
13037,El Mehdi Maouhoub,16,506,2,2.4605592358857393,1,1.1233206987380981,17,4,0,0,F M S,Dinamo Moscow,2,2.4605592358857393,4.7624768409878016,1.9853290803730488
9569,Viktor Melekhin,29,2470,2,2.4023004891350865,0,1.4337645154446363,16,17,3,3,D,FC Rostov,2,2.4023004891350865,4.130286868661642,2.270811790600419
10475,Fernando Costanza,26,2035,3,2.291299119591713,1,0.4780713617801666,21,9,8,0,D M S,Krylya Sovetov Samara,2,1.5370237976312637,4.984063101932406,3.482853854075074
5497,Vladimir Iljin,11,656,2,2.187276765704155,2,0.313832052052021,19,5,2,0,F M S,PFC Sochi,1,1.4330014735460281,2.3153942627832294,0.8317510755732656
3131,Zelimkhan Bakaev,25,1645,3,2.182147487066686,5,2.894795935600996,29,24,8,1,F M S,Lokomotiv Moscow,3,2.182147487066686,6.765065845102072,1.9746061824262142
14076,Miro,20,895,1,2.176686428487301,0,0.2818698324263096,20,7,3,1,F S,Dynamo Makhachkala,1,2.176686428487301,1.9425148982554674,0.20648674108088017
11501,Zakhar Fedorov,21,866,1,2.14657299593091,0,0.25298669934272766,12,4,2,0,F S,PFC Sochi,1,2.14657299593091,2.8970657158643007,0.7507774299010634
13653,Ilya Petrov,27,1957,1,2.1199394538998604,3,3.0185997262597084,35,31,8,0,M S,Baltika,1,1.3656641375273466,5.9822855815291405,3.3604804649949074
7642,Evgeni Bolotov,25,1407,3,2.065622122492641,0,0.19622288085520267,19,7,5,0,M S,FC Orenburg,3,2.065622122492641,3.9852749281562865,2.232658725697547
10779,Vadim Rakov,11,659,7,2.04502334818244,3,1.6403460465371609,18,14,0,0,F S,Krylya Sovetov Samara,6,1.2907573468983173,2.9025459960103035,0.7024598270654678
13691,Ousmane N’Dong,23,1929,2,2.03745748847723,0,0.03483682684600353,11,2,4,1,D S,FK Akhmat,0,0.5289068296551704,2.5114658321253955,2.3858343581669033
14559,Derik Lacerda,7,438,2,2.020704820752144,0,0.12182613275945187,10,3,0,0,F S,Baltika,2,2.020704820752144,2.1657807677984238,0.18325989693403244
48,Jhon Córdoba,28,2491,17,14.37795857153833,6,4.215427748858929,85,33,4,2,F,FC Krasnodar,17,14.37795857153833,20.322915740311146,3.736818142235279
13654,Brayan Gil,24,1622,13,10.310380594804883,1,1.8909670896828175,43,14,3,0,F S,Baltika,9,7.293279364705086,10.124624472111464,1.1980361603200436
9590,Ivan Sergeev,29,1617,9,10.194852985441685,2,1.5754907727241516,38,10,4,0,F M S,Dinamo Moscow,9,10.194852985441685,12.501498758792877,2.0278165116906166
9467,Jacques Siwe,19,886,2,1.9483409598469734,1,0.5575827583670616,19,6,5,0,F S,Rubin Kazan,2,1.9483409598469734,3.0995753910392523,1.41777852922678
13652,Sergey Varatynov,30,2700,1,1.8942158743739128,0,0.12540810368955135,23,4,3,0,D,Baltika,1,1.8942158743739128,6.181547713465989,4.84789727255702
11971,Vítor Tormena,27,2369,1,1.8819853868335485,1,1.828587632626295,21,7,1,0,D,FC Krasnodar,1,1.8819853868335485,10.29124432709068,9.618293290026486
11288,César Montes,26,2208,4,1.8408805038779974,0,0.4133516661822796,26,6,5,0,D,Lokomotiv Moscow,4,1.8408805038779974,6.4698155000805855,5.894387712702155
8984,Wendel,27,2311,2,1.8395954500883818,2,2.142124805599451,31,29,3,0,D M,Zenit St. Petersburg,2,1.8395954500883818,10.560000125318766,8.50685354694724
10657,Lucas Fasson,26,1879,2,1.817177377641201,2,2.3981999652460217,15,21,2,0,D S,Lokomotiv Moscow,2,1.817177377641201,6.139664645306766,4.7784301564097404
13681,Renaldo Cephas,25,1107,1,1.806412048637867,2,1.6222243821248412,23,7,4,0,F S,Nizhny Novgorod,1,1.806412048637867,3.6467289170250297,0.3793667443096638
6608,Ionut Nedelcearu,27,2223,1,1.7734038010239601,1,0.1867530858144164,12,4,6,1,D,Akron,1,1.7734038010239601,2.8628594782203436,2.665801150724292
10634,Brian Mansilla,23,667,3,1.7626730306074023,1,0.8264099704101682,25,12,1,0,M S,FK Akhmat,3,1.7626730306074023,2.7727415589615703,0.5979916825890541
13523,Mohamed Azzi,25,2007,1,1.762439169920981,1,2.970534475520253,19,19,4,1,D M S,Dynamo Makhachkala,1,1.762439169920981,6.613626979291439,3.0092503651976585
12658,Marat Bokoev,27,2412,1,1.7475783759728074,1,0.810339605435729,20,5,5,1,D,Akron,1,1.7475783759728074,4.219525758177042,3.1601290702819824
12521,Kevin Andrade,26,2256,1,1.6886021420359612,0,0.10775429103523493,10,6,7,2,D,Baltika,1,1.6886021420359612,3.5384583212435246,3.4122553821653128
13492,Ifet Dakovac,26,1721,0,1.6725742183625698,4,1.0463593322783709,24,17,5,0,M S,Akron,0,1.6725742183625698,4.7695066668093204,2.439781993627548
13673,Matheus Alves,19,1022,3,1.6593956174328923,2,2.441426431760192,15,25,1,1,F M S,CSKA Moscow,3,1.6593956174328923,7.240120759233832,3.7461430076509714
12507,Pedro Henrique,28,2213,2,1.6235813796520233,4,3.6642871843650937,23,42,4,1,F M S,Zenit St. Petersburg,2,1.6235813796520233,7.9904143288731575,4.249261384829879
13023,Luciano Gondou,23,887,1,1.6218341924250126,0,0.6107167098671198,20,14,2,1,F M S,"CSKA Moscow,Zenit St. Petersburg",1,1.6218341924250126,2.9621037114411592,1.6638854797929525
11640,Igor Dmitriev,25,1126,1,1.621218679472804,5,2.261744285002351,13,20,4,0,D S,Spartak Moscow,1,1.621218679472804,5.200733355246484,1.8757533533498645
9571,Iaroslav Gladyshev,22,999,1,1.6120550837367773,2,0.7501915488392115,22,12,2,0,F M S,Dinamo Moscow,1,1.6120550837367773,4.325254218652844,2.4540002178400755
9594,Sergei Pinyaev,12,297,1,1.6037680096924305,0,0.8299764972180128,18,4,1,0,M S,Lokomotiv Moscow,1,1.6037680096924305,2.8105250727385283,0.4825214743614197
10047,Kirill Shchetinin,30,2246,2,1.6031794911250472,4,3.6490005869418383,34,34,6,0,F M S,FC Rostov,2,1.6031794911250472,5.608503037132323,2.607307890430093
14492,Chinedu Geoffrey,5,348,2,1.5789812617003918,0,0.10910218209028244,10,3,0,0,F,Krylya Sovetov Samara,2,1.5789812617003918,1.3459786213934422,0.22432652115821838
8714,Danil Prutsev,25,1994,2,1.565277773886919,3,2.0786623721942306,15,14,2,0,M S,"Lokomotiv Moscow,Spartak Moscow",2,1.565277773886919,8.410654447041452,5.366924364119768
11433,Danila Kozlov,22,567,2,1.5557038835249841,0,0.5880076885223389,14,8,1,0,M S,"CSKA Moscow,FC Krasnodar",2,1.5557038835249841,3.3054804312996566,1.2457564137876034
13774,Fahd Moufi,24,2098,1,1.5555926226079464,0,2.7505115140229464,23,29,4,0,D M,FC Orenburg,1,1.5555926226079464,7.513432959094644,3.8179296730086207
5459,Konstantin Kuchaev,25,1795,1,1.5537669509649277,0,0.49603986740112305,19,11,2,0,M S,FC Rostov,1,1.5537669509649277,3.968393689021468,2.2915427275002003
9593,Maksim Vityugov,19,901,4,1.5461927764117718,2,0.8018678426742554,9,5,3,0,M S,Krylya Sovetov Samara,4,1.5461927764117718,3.961535530164838,1.9012220408767462
9026,Ruslan Bezrukov,25,1211,2,1.540278296917677,1,0.8173176683485508,21,9,1,0,D F M S,Rubin Kazan,2,1.540278296917677,2.865484319627285,0.6448632907122374
11081,Nicolás Marichal,26,1887,5,1.5042775487527251,1,0.5181106142699718,17,4,5,0,D S,Dinamo Moscow,5,1.5042775487527251,4.753808883950114,4.645886210724711
12505,Nino,27,2392,1,1.4995871586725116,1,0.10219157114624977,11,4,2,0,D,Zenit St. Petersburg,1,1.4995871586725116,4.570340445265174,4.501934794709086
10632,Kirill Pechenin,31,2385,1,1.4878968745470047,4,2.049616750329733,16,22,3,0,D M S,Krylya Sovetov Samara,1,0.7336215525865555,6.326062900945544,4.775715433061123
7454,Anton Zinkovskiy,28,1719,3,1.4796890886500478,3,2.7781117539852858,33,27,3,0,F M S,PFC Sochi,3,1.4796890886500478,6.051998499780893,3.605218207463622
5495,Jimmy Tabidze,26,2241,1,1.475928470492363,0,0.37688786163926125,11,6,4,1,D,Dynamo Makhachkala,1,1.475928470492363,2.928950130008161,2.6077014412730932
8451,Ivan Komarov,24,1149,1,1.4648233586922288,0,1.3274058178067207,26,9,2,0,D F M S,FC Rostov,1,1.4648233586922288,4.089956820011139,1.8294405937194824
8361,Denis Makarov,8,494,2,1.4615670777857304,0,0.9118846580386162,17,9,0,0,F M S,Dinamo Moscow,2,1.4615670777857304,3.068750187754631,0.9862536936998367
6378,Nikolai Rasskazov,27,1793,1,1.4410445168614388,6,2.1760937944054604,9,15,8,0,D M S,Krylya Sovetov Samara,1,1.4410445168614388,4.426397420465946,1.5775071419775486
11647,Igor Vujacic,25,2250,1,1.415800342336297,0,0.844026317819953,17,12,5,0,D,Rubin Kazan,1,0.661524998024106,3.339941027574241,2.6657704142853618
14107,Andrés Alarcón,14,1010,0,1.3827532678842545,0,0.017676351591944695,7,1,1,0,D S,Dynamo Makhachkala,0,1.3827532678842545,1.1293702516704798,1.1023646034300327
13520,Alerrandro,15,722,1,1.3612442314624786,1,0.932872012257576,17,6,2,0,F S,CSKA Moscow,1,1.3612442314624786,3.328798957169056,1.0745839625597
2772,Aleksandr Erokhin,14,48,1,1.319255292415619,1,0.3044275641441345,3,1,1,0,S,Zenit St. Petersburg,1,1.319255292415619,0.7808119580149651,0.10405995696783066
12693,Luka Ticic,26,1801,2,1.3071962781250477,1,2.0071757147088647,16,21,0,0,M S,Nizhny Novgorod,2,1.3071962781250477,5.09166962467134,2.4008807661011815
3720,Milan Gajic,28,2408,1,1.2935182135552168,1,0.7012682817876339,21,15,3,1,D,CSKA Moscow,1,1.2935182135552168,6.87569660320878,5.131979063153267
9174,Edgar Sevikyan,13,537,1,1.2864624299108982,0,0.4935506507754326,15,2,0,0,F S,Akron,1,1.2864624299108982,2.524043470621109,0.88089669495821
10510,Artem Karpukas,28,2175,1,1.2777660265564919,2,1.9323303997516632,12,13,2,0,M,Lokomotiv Moscow,1,1.2777660265564919,8.064814211800694,6.045524349436164
10767,Moisés,21,1723,2,1.2745925933122635,2,2.2624821551144123,14,27,7,1,D S,CSKA Moscow,2,1.2745925933122635,4.889597076922655,2.8847541362047195
12685,Nikita Glushkov,30,2649,0,1.2661681342869997,1,0.950812385417521,13,11,3,0,M,Dynamo Makhachkala,0,1.2661681342869997,5.344148156233132,3.7192103881388903
11605,Dmitri Vasiljev,25,1444,2,1.2595090279355645,1,0.7572230724617839,19,12,6,0,F M S,PFC Sochi,2,1.2595090279355645,3.5566316545009613,2.144274529069662
13079,Arthur Gomes,12,693,3,1.2406485043466091,1,1.0263665169477463,14,11,0,0,F M S,Dinamo Moscow,3,1.2406485043466091,3.5000667311251163,1.5020602568984032
8587,Aleksandr Silyanov,28,2357,2,1.2126723323017359,2,0.9049487849697471,15,14,1,0,D S,Lokomotiv Moscow,2,1.2126723323017359,6.941420828923583,5.642965259030461
13670,Manuel Keliano,23,1413,1,1.2096833009272814,1,0.8081201259046793,21,7,3,1,M S,FK Akhmat,1,1.2096833009272814,2.906033310107887,2.0804575411602855
5286,Douglas Santos,23,1931,1,1.1713842703029513,0,1.6512524094432592,22,16,1,1,D M S,Zenit St. Petersburg,1,1.1713842703029513,7.979191865772009,6.339738419279456
3285,Gaetan Perrin,12,472,1,1.1362714301794767,2,1.5234567075967789,15,7,0,0,F M S,FC Krasnodar,1,1.1362714301794767,3.213450387120247,1.0527477152645588
13665,Gustavo Furtado,14,451,0,1.1334479553624988,2,0.5639927573502064,17,9,4,0,F M S,"FC Krasnodar,PFC Sochi",0,1.1334479553624988,2.6755382008850574,1.2907473016530275
9055,Ruslan Litvinov,27,2104,1,1.1129968604072928,3,1.4956925082951784,23,13,7,0,D M S,Spartak Moscow,1,1.1129968604072928,7.450119425542653,6.601261395961046
6293,Gerzino Nyamsi,14,1037,1,1.1111338892951608,0,0,10,0,4,0,D S,Lokomotiv Moscow,1,1.1111338892951608,0.7189235733821988,0.7080171033740044
10681,Jimmy Marín,22,1074,1,1.097311606630683,0,0.3662628894671798,21,8,3,0,F S,Krylya Sovetov Samara,1,1.097311606630683,1.7646704893559217,0.5112575925886631
3333,Francois Kamano,14,624,2,1.0936994636431336,1,0.30244819074869156,10,3,1,0,F M S,PFC Sochi,2,1.0936994636431336,2.327425852417946,1.0515018664300442
8268,Bogdan Jocic,20,1097,0,1.093171663582325,2,0.6571289962157607,12,9,5,0,F M S,Rubin Kazan,0,1.093171663582325,2.0658322954550385,1.051494337618351
2960,Aleksandr Filin,22,1443,1,1.0711186975240707,0,0.5985686797648668,14,9,2,0,D S,Baltika,1,1.0711186975240707,1.972644880414009,1.1214189864695072
14006,Anderson Arroyo,22,1810,1,1.067382705397904,1,1.5436437763273716,11,9,2,0,D M S,Rubin Kazan,1,1.067382705397904,3.526658598333597,1.6966832838952541
14015,Alexandre Jesus,14,460,3,1.062401469796896,0,0,14,0,0,0,F S,FC Orenburg,3,1.062401469796896,1.0673405844718218,0.4090799540281296
11667,Marcelo Alves,19,1670,2,1.0512481816112995,0,0.029684364795684814,7,2,5,1,D,PFC Sochi,2,1.0512481816112995,2.2016208562999964,1.5971905831247568
8960,Stepan Oganesyan,12,644,0,1.0502056330442429,1,0.16551981680095196,7,3,2,0,D F M S,FC Orenburg,0,1.0502056330442429,2.318131659179926,1.1024062456563115
4605,Anton Miranchuk,14,816,1,1.0437390524894,2,3.1772455368191004,12,21,1,0,F M S,Dinamo Moscow,1,1.0437390524894,6.252873165532947,3.672866163775325
14087,Henrique Carmo,19,691,1,1.0289615346118808,1,0.8254845514893532,21,7,1,0,M S,CSKA Moscow,1,1.0289615346118808,3.0457794098183513,1.3742532646283507
10471,Egor Teslenko,27,2403,0,1.020620240829885,0,0.7016919637098908,20,10,8,0,D,Rubin Kazan,0,1.020620240829885,2.333269830327481,2.017316472250968
12653,Aleksa Durasovic,16,924,1,1.0123013351112604,0,0.22227292507886887,9,3,2,0,M S,Akron,1,1.0123013351112604,2.3955321107059717,1.4551023989915848
10678,Evgeni Morozov,18,1605,0,1.0096427872776985,2,1.6302894912660122,5,7,2,1,D,Lokomotiv Moscow,0,1.0096427872776985,3.5595120675861835,3.495453078299761
10469,Nuraly Alip,16,686,1,1.0070627508684993,0,0.11159639805555344,8,1,0,0,D S,Zenit St. Petersburg,1,1.0070627508684993,1.5331588061526418,1.1899701431393623
9631,Christopher Wooh,19,1638,2,1.002421885728836,0,0.08782818168401718,12,2,4,1,D S,Spartak Moscow,2,1.002421885728836,3.4447753243148327,3.2812717743217945
10020,Danil Denisov,29,2207,0,0.9602239327505231,0,1.4993580989539623,14,20,3,0,D M S,Spartak Moscow,0,0.9602239327505231,7.442551168613136,6.1995336739346385
11621,Ulvi Babaev,15,422,1,0.9596284227445722,0,0.41635577008128166,10,7,2,0,F S,Dinamo Moscow,1,0.9596284227445722,1.8298885291442275,0.46845338121056557
7452,Dmitri Rybchinsky,19,1184,0,0.9560079853981733,1,2.510958503931761,16,24,1,0,F M S,FC Orenburg,0,0.9560079853981733,5.739008992910385,3.00288494117558
3133,Sergey Bozhin,25,2238,2,0.940376240760088,0,0.1580827683210373,5,6,4,0,D,Krylya Sovetov Samara,2,0.940376240760088,2.907301977276802,2.7492192070931196
13677,Nikita Bazilevskiy,7,153,1,0.9310227520763874,0,0.08046331070363522,6,3,2,0,M S,Akron,0,0.17674742825329304,0.20584931317716837,0.1018565483391285
2750,Roman Zobnin,25,1215,2,0.9280675714835525,1,1.5388524662703276,10,13,0,0,D F M S,Spartak Moscow,2,0.9280675714835525,9.094774160534143,7.165766857564449
14488,Nazmi Gripshi,11,760,1,0.8758557327091694,3,1.0932496879249811,9,16,1,0,F M S,Rubin Kazan,1,0.8758557327091694,2.2234799209982157,0.8520158007740974
11694,Andrey Ivlev,25,1397,0,0.8743121176958084,0,0.6539760092273355,9,14,6,0,M S,Nizhny Novgorod,0,0.8743121176958084,2.2386881234124303,1.5908070504665375
11366,Jhon Durán,6,117,1,0.8696113079786301,0,0.05494517832994461,4,1,1,0,F S,Zenit St. Petersburg,0,0.11533598601818085,0.5297943614423275,0.407751627266407
7514,Lucas Olaza,27,2372,1,0.8500126907601953,4,2.7746154218912125,22,40,2,0,D,FC Krasnodar,1,0.8500126907601953,10.13690272718668,8.587148081511259
13671,Anri Tchitchinadze,15,1275,0,0.8410024642944336,0,0.08249428123235703,8,1,3,0,D,FC Orenburg,0,0.8410024642944336,2.625299848616123,2.4196740491315722
12462,Matija Popovic,13,448,0,0.8150690235197544,1,0.5610287450253963,13,4,1,0,F M S,CSKA Moscow,0,0.8150690235197544,1.3865456618368626,0.22400163859128952
14150,Timofey Marinkin,10,523,0,0.8121357392519712,0,0.11593400780111551,5,4,1,0,M S,Dinamo Moscow,0,0.8121357392519712,2.3243362195789814,1.3962664473801851
6590,Mingiyan Beveev,28,2338,2,0.8070058384910226,1,2.059633543714881,21,19,9,0,D M,Baltika,2,0.8070058384910226,5.7530673034489155,3.1729391906410456
10687,Roberto Fernández,12,846,0,0.7936058826744556,0,0.040825244039297104,6,3,3,0,D S,Dinamo Moscow,0,0.7936058826744556,2.702907825820148,2.108291099779308
5526,Dmitrii Skopintcev,25,1454,0,0.7717138770967722,3,2.7312482949346304,17,18,2,0,D M S,Dinamo Moscow,0,0.7717138770967722,6.372281286865473,4.488411002792418
13109,Sven Karic,29,2569,1,0.7638843627646565,0,1.1987823443487287,14,19,4,0,D M,Nizhny Novgorod,1,0.7638843627646565,4.809675667434931,4.267158854752779
9382,Danila Khotulev,24,1983,0,0.760932169854641,1,0.4484191443771124,14,9,4,0,D S,FC Orenburg,0,0.760932169854641,4.048761518672109,3.641310954466462
6025,Ivan Ignatyev,5,115,0,0.7542753219604492,0,0.12703124061226845,1,2,0,0,F S,FC Orenburg,0,0,0.12703124061226845,0
2978,Ilzat Akhmetov,23,1417,1,0.7472598031163216,6,2.7176706586033106,10,23,3,0,F M S,Krylya Sovetov Samara,1,0.7472598031163216,4.009194743819535,1.6604329198598862
14471,Damián Puebla,12,696,0,0.7217549858614802,0,1.2019764129072428,16,19,2,0,M S,FC Orenburg,0,0.7217549858614802,2.4411857910454273,0.8830824475735426
13661,Ruslan Myalkovskiy,7,46,0,0.7072883695363998,0,0.04012744501233101,2,1,1,0,S,Lokomotiv Moscow,0,0.7072883695363998,0.8298790603876114,0.08246323466300964
7521,Konstantin Maradishvili,13,684,0,0.6903454028069973,0,0.4415074624121189,17,7,2,0,M S,Akron,0,0.6903454028069973,1.8614386357367039,1.0693268002942204
12680,Valentin Paltsev,24,1191,0,0.6768082305788994,0,0.7460592053830624,13,7,3,0,D S,"Dynamo Makhachkala,FC Krasnodar",0,0.6768082305788994,3.7350694872438908,2.872687567025423
12701,Egor Smelov,16,945,0,0.6645063683390617,2,1.4148597177118063,12,17,2,0,F M S,"Dinamo Moscow,Nizhny Novgorod",0,0.6645063683390617,2.6488530403003097,1.0903126178309321
12525,Aleksandar Jukic,12,376,1,0.6634059268981218,0,0.31249261274933815,9,8,1,0,M S,Rubin Kazan,1,0.6634059268981218,1.286923948675394,0.5420954916626215
12687,Temirkan Sundukov,29,2485,0,0.6535302819684148,1,1.5090000201016665,18,19,5,0,D M S,Dynamo Makhachkala,0,0.6535302819684148,5.684739453718066,4.034541886299849
7678,Soltmurad Bakaev,13,581,0,0.6531573981046677,0,0.5378676280379295,13,6,2,0,F S,Akron,0,0.6531573981046677,2.25604797154665,1.215101383626461
12526,Saúl Guarirapa,6,391,0,0.6486018225550652,0,0.23565187491476536,4,4,1,0,F S,PFC Sochi,0,0.6486018225550652,1.0383060649037361,0.22693421319127083
3158,Serder Serderov,13,383,0,0.6342778671532869,1,0.30995865911245346,6,6,1,0,F S,Dynamo Makhachkala,0,0.6342778671532869,1.5406117904931307,0.7189404331147671
13519,Juan José Cáceres,24,2071,1,0.6309016738086939,6,4.022924909368157,22,30,8,0,D S,Dinamo Moscow,1,0.6309016738086939,8.176997035741806,6.640412848442793
13686,Ivan Belikov,19,1164,0,0.625215882435441,3,2.197969416156411,14,14,8,0,M S,Baltika,0,0.625215882435441,3.441151650622487,2.0581351965665817
14016,Emil Tsenov,7,484,1,0.6201942563056946,0,0.05539093352854252,2,3,0,0,D M S,FC Orenburg,1,0.6201942563056946,0.5309495143592358,0.4964548386633396
11642,Mikhail Ryadno,10,351,1,0.6166577581316233,0,0.18048427067697048,5,3,0,0,D S,Baltika,1,0.6166577581316233,1.605236455798149,0.9729086318984628
7638,Dmitriy Chistyakov,22,1873,0,0.6149819158017635,0,0.07243253290653229,8,2,5,2,D S,FC Rostov,0,0.6149819158017635,1.005073793232441,0.7735702320933342
13490,Thiago Vecino,7,129,1,0.6146941483020782,0,0.05813447292894125,4,2,1,0,F S,Nizhny Novgorod,1,0.6146941483020782,0.7399142906069756,0.08082236349582672
12671,Artem Shumanskiy,19,617,0,0.6117330081760883,0,0.3002091906964779,14,4,1,0,F M S,"CSKA Moscow,Krylya Sovetov Samara",0,0.6117330081760883,1.6578187011182308,1.1906693521887064
6603,Dmitri Kabutov,21,1336,1,0.6104900315403938,2,2.135574519634247,9,25,3,0,D M S,Rubin Kazan,1,0.6104900315403938,2.2534082904458046,0.9754098495468497
11648,Ilya Rozhkov,28,2195,0,0.6083819940686226,2,0.842985468916595,12,14,4,0,D F M S,Rubin Kazan,0,0.6083819940686226,4.443918865174055,3.702516844496131
3146,Alexey Tataev,11,611,0,0.607826879248023,0,0.09210428781807423,7,4,3,1,D M S,FC Orenburg,0,0.607826879248023,1.358254335820675,1.3329760702326894
13832,Mehdi El Moubarik,20,1601,1,0.6058518378995359,0,0.2722929250448942,11,12,0,0,F M,Dynamo Makhachkala,1,0.6058518378995359,3.2299173320643604,2.8952965438365936
10672,Andrey Mendel,15,794,0,0.5970367323607206,0,0.22766191605478525,11,7,6,0,M S,Baltika,0,0.5970367323607206,2.0125286765396595,1.3040957283228636
12709,Abdulpasha Dzhabrailov,17,418,0,0.5943863391876221,0,0.05653508007526398,4,1,3,0,M S,Dynamo Makhachkala,0,0.5943863391876221,0.6698541082441807,0.18422839418053627
8069,Maksim Mukhin,20,1043,1,0.5876894611865282,0,0.23013895191252232,12,4,2,0,F M S,PFC Sochi,1,0.5876894611865282,2.134901713579893,1.5950193470343947
9421,Kirill Kravtsov,16,1094,3,0.5875974390655756,0,0.6787588754668832,15,8,3,0,M S,PFC Sochi,3,0.5875974390655756,2.088088528253138,1.4149619648233056
6585,Kristijan Bistrovic,12,731,1,0.5820795204490423,1,0.7309614475816488,6,14,1,0,M S,Akron,1,0.5820795204490423,2.109960287809372,1.2663642331026495
3160,Nikita Chernov,16,1410,1,0.5765639916062355,0,0,7,0,6,0,D S,Krylya Sovetov Samara,1,0.5765639916062355,1.4886014442890882,1.4566938150674105
6024,Ismael,26,2232,1,0.5732241552323103,0,1.210076882969588,27,21,5,2,M,FK Akhmat,1,0.5732241552323103,5.904320451896638,4.924465836491436
12088,Nikola Cumic,7,157,0,0.5607630833983421,0,0.16292529553174973,2,2,1,0,F M S,Rubin Kazan,0,0.5607630833983421,0.9163574874401093,0.2870514541864395
12711,Thomas Galdames,13,462,1,0.5579016786068678,0,0.18655917420983315,4,4,1,2,D M S,Krylya Sovetov Samara,1,0.5579016786068678,1.3176616728305817,0.7053671032190323
13683,Rubens,21,1562,0,0.5522916186600924,0,0.9012806881219149,22,18,4,1,D M S,Dinamo Moscow,0,0.5522916186600924,4.431154714897275,3.6597869331017137
11659,Maksim Sidorov,24,1841,1,0.5367932529188693,0,0.35827991645783186,8,10,4,0,D S,FK Akhmat,1,0.5367932529188693,3.100379966199398,2.29179703630507
14474,Kevin Arévalo,6,215,1,0.5365022695623338,0,0.14738140255212784,5,3,0,0,F S,Akron,1,0.5365022695623338,0.7066614627838135,0.13862622901797295
14066,Iurii Koledin,21,1422,0,0.5335239134728909,1,1.6726571377366781,9,16,1,0,D M S,Nizhny Novgorod,0,0.5335239134728909,5.0924940798431635,3.1742778662592173
9578,Sergey Babkin,24,2000,1,0.5314753782004118,1,0.5571433352306485,15,12,2,2,M,Krylya Sovetov Samara,1,0.5314753782004118,4.2680439949035645,3.4767252430319786
10007,Sergey Volkov,20,1416,0,0.5297298654913902,1,0.2461487539112568,9,4,3,0,D M S,PFC Sochi,0,0.5297298654913902,2.7582323029637337,2.135389119386673
10684,Mihajlo Banjac,28,1328,0,0.5275530917569995,2,0.9554000347852707,17,10,5,0,M S,Krylya Sovetov Samara,0,0.5275530917569995,4.307011437602341,3.4332820447161794
8348,Miroslav Bogosavac,30,2663,0,0.5226247701793909,0,0.8827860066667199,8,20,1,0,D,FK Akhmat,0,0.5226247701793909,4.48473862092942,3.456758395768702
11345,João Victor,19,1390,0,0.5137028265744448,1,0.2500251326709986,8,5,3,0,D S,CSKA Moscow,0,0.5137028265744448,2.4287887308746576,2.3532238844782114
7476,Nail Umiarov,29,2601,0,0.5069035636261106,3,2.0762003902345896,19,20,8,0,M,Spartak Moscow,0,0.5069035636261106,9.88845256716013,7.869984053075314
10611,Ilya Vakhanla,30,2630,1,0.5055591389536858,1,1.7213395163416862,3,17,2,1,D M,FC Rostov,1,0.5055591389536858,5.143847709521651,2.9580380469560623
13656,Tenton Yenne,19,730,0,0.5020039463415742,1,0.8237035870552063,10,8,3,0,F M S,Baltika,0,0.5020039463415742,3.167915152385831,1.8422076059505343
8369,Yuri Kovalev,17,468,0,0.500121496617794,0,0.08058872073888779,5,1,1,0,D F M S,Baltika,0,0.500121496617794,1.1495659798383713,0.5688557550311089
11431,Alexis Duarte,6,475,0,0.4946165978908539,0,0,1,0,0,0,D S,Spartak Moscow,0,0.4946165978908539,1.476807251572609,1.476807251572609
12640,Renat Golybin,9,329,0,0.49331322126090527,0,0.2792054396122694,8,4,1,0,M S,FC Orenburg,0,0.49331322126090527,1.1596692353487015,0.5397300701588392
11670,Roberto Fernández,29,2436,1,0.4840163551270962,2,3.24683765694499,11,33,1,0,D S,Akron,1,0.4840163551270962,6.38233845308423,4.3430862706154585
8873,Vladislav Kamilov,15,505,1,0.4822058044373989,0,0.20597943663597107,12,3,4,0,M S,FC Orenburg,1,0.4822058044373989,2.4122269079089165,1.9145744079723954
12684,Razhab Magomedov,14,468,0,0.48057685047388077,0,0.08177703432738781,3,2,0,0,F M S,Dynamo Makhachkala,0,0.48057685047388077,0.796826584264636,0.23447268828749657
11606,Vladislav Saus,20,1537,1,0.47987003717571497,2,2.255254341289401,18,12,5,0,D M S,"Baltika,Spartak Moscow",1,0.47987003717571497,4.889707736670971,2.968929223716259
11183,Daniel Shantaliy,11,365,0,0.47543163411319256,0,0.07759948959574103,2,2,0,0,M S,FC Rostov,0,0.47543163411319256,1.151274686679244,0.6851044055074453
2854,Daler Kuzyaev,16,998,0,0.47326782159507275,0,0.22543282248079777,9,5,2,0,M S,Rubin Kazan,0,0.47326782159507275,2.061144081875682,1.7547021582722664
11447,Moses Cobnan,10,132,1,0.4702514782547951,1,0.27275415137410164,5,4,1,0,S,FC Krasnodar,1,0.4702514782547951,1.0431491807103157,0.6369583867490292
12702,Dani Fernández,6,333,0,0.4657711908221245,0,0.041001394391059875,4,2,0,0,D M S,Krylya Sovetov Samara,0,0.4657711908221245,0.679372045211494,0.17259948141872883
12529,Anton Shamonin,13,65,0,0.4641553834080696,0,0.10822759941220284,5,2,0,0,S,FC Rostov,0,0.4641553834080696,0.5557868555188179,0.17877167090773582
14494,Galymzhan Kenzhebek,7,169,1,0.4512461982667446,0,0.04321329668164253,8,2,1,0,F S,FK Akhmat,1,0.4512461982667446,0.5678399913012981,0.1656191200017929
10669,Irakli Kvekveskiri,24,1445,0,0.4486799482256174,1,0.8929387582466006,15,16,7,0,M S,FC Orenburg,0,0.4486799482256174,4.281900968402624,3.582051913253963
9610,Kirill Zinovich,11,162,0,0.43724286928772926,0,0.06002030149102211,4,2,2,0,M S,Dynamo Makhachkala,0,0.43724286928772926,0.5223451051861048,0.10702790319919586
7455,Bogdan Ovsyannikov,29,2610,0,0.4348011612892151,0,0,1,0,4,0,GK,FC Orenburg,0,0.4348011612892151,1.9345552185550332,1.9345552185550332
7471,Baktiyor Zainutdinov,8,529,0,0.4269614666700363,0,0,10,0,1,0,D M S,Dinamo Moscow,0,0.4269614666700363,2.7918291725218296,2.545642487704754
9577,Daniil Kuznetsov,8,100,1,0.42110392078757286,0,0.12934382259845734,3,1,0,0,S,Rubin Kazan,1,0.42110392078757286,0.663820069283247,0.12735433876514435
14466,Jhon Jhon,9,484,2,0.41609424352645874,1,0.7154805827885866,9,7,3,0,M S,Zenit St. Petersburg,2,0.41609424352645874,1.6833284422755241,1.2082441691309214
12678,Soslan Kagermazov,18,759,0,0.41396730672568083,0,0.20265561155974865,7,6,4,0,D M S,Dynamo Makhachkala,0,0.41396730672568083,2.4094002405181527,1.9081383971497416
8279,Aymane Mourid,13,349,0,0.4072821792215109,1,1.3884622259065509,5,5,2,0,M S,Baltika,0,0.4072821792215109,2.4433619901537895,1.6418934660032392
6580,Danil Glebov,21,1542,0,0.4052714193239808,1,0.9914329070597887,7,11,2,0,D M S,Dinamo Moscow,0,0.4052714193239808,5.0560189839452505,3.912054432556033
14493,Klisman Cake,12,1075,1,0.39540469367057085,0,0.06325928866863251,4,1,1,0,D,FK Akhmat,1,0.39540469367057085,0.5977421635761857,0.5522963372059166
1258,Gerson,12,691,1,0.37781400233507156,0,0.2866755146533251,7,7,2,0,M S,Zenit St. Petersburg,1,0.37781400233507156,2.0484764873981476,1.4530119001865387
9591,Vladislav Sarveli,7,144,0,0.3753931373357773,0,0.03959028422832489,4,1,0,0,S,Lokomotiv Moscow,0,0.3753931373357773,0.8350755423307419,0.4200921058654785
10006,Irakli Manelov,16,537,0,0.37369644828140736,0,0.2301993314176798,13,5,2,1,D F S,Baltika,0,0.37369644828140736,1.0829670932143927,0.6543180597946048
14007,Imadeddine Azzi,4,209,0,0.37329999078065157,0,0,3,0,0,1,D S,Dynamo Makhachkala,0,0.37329999078065157,0,0
9158,Andrey Langovich,15,625,0,0.3695240896195173,0,0.04844389948993921,8,2,3,0,D M S,FC Rostov,0,0.3695240896195173,0.5578997079282999,0.3213380388915539
12647,João Escoval,20,901,0,0.35511715710163116,0,0.11248056218028069,5,3,5,1,D S,Akron,0,0.35511715710163116,0.9055118933320045,0.8577243536710739
10500,Nathan Gassama,24,1791,0,0.3550795651972294,3,1.1603161077946424,9,14,6,0,D S,Baltika,0,0.3550795651972294,3.120528355240822,2.347128041088581
3322,Alexander Djiku,20,1726,0,0.35420049261301756,0,0.16999123618006706,7,4,5,1,D,Spartak Moscow,0,0.35420049261301756,4.933617874979973,4.795815296471119
6774,Aleksey Sutormin,17,700,0,0.35201486200094223,0,0.38416880927979946,6,10,1,0,D F S,Krylya Sovetov Samara,0,0.35201486200094223,1.1561614088714123,0.5278148148208857
12708,Jan Dapo,7,448,0,0.3489384390413761,0,0,6,0,1,0,D S,Dynamo Makhachkala,0,0.3489384390413761,0.2632842352613807,0.009329291991889477
13662,Ruslan Bart,9,229,0,0.34639111906290054,0,0.4878834458068013,5,4,0,0,M S,PFC Sochi,0,0.34639111906290054,0.7508892230689526,0.159849738702178
10812,Jubal,11,487,2,0.32730620726943016,0,0,5,0,2,0,D S,FC Krasnodar,2,0.32730620726943016,0.9682507887482643,0.8914105147123337
10444,Viktor Aleksandrov,19,1307,0,0.3260969026014209,0,0,7,0,7,0,D S,Nizhny Novgorod,0,0.3260969026014209,0.6932293297722936,0.64084901381284
14026,Anas El Mahraoui,6,66,0,0.3234690222889185,0,0.011382970958948135,2,1,0,0,S,"FC Orenburg,FK Akhmat",0,0.3234690222889185,0.34158541448414326,0.006733421236276627
11567,David Semenchuk,20,1314,0,0.3217144226655364,0,0.12197881005704403,4,5,2,0,D S,FC Rostov,0,0.3217144226655364,1.5891949906945229,1.5005488339811563
11657,Nikita Saltykov,10,229,0,0.3176574558019638,1,0.7827020958065987,5,3,0,0,M S,Lokomotiv Moscow,0,0.3176574558019638,1.92417611181736,0.8238165527582169
2762,Maksim Kuzmin,23,974,0,0.3171662427484989,1,1.1722920630127192,6,15,2,0,F M S,Akron,0,0.3171662427484989,2.4844959676265717,1.872037772089243
9079,Vyacheslav Litvinov,15,1301,0,0.3153412723913789,0,0.13336251489818096,5,5,5,0,D S,PFC Sochi,0,0.3153412723913789,2.0026217568665743,1.7486175149679184
14146,Alex Sarfo,14,1260,0,0.31220498215407133,0,0.8402192238718271,13,8,0,0,M,Nizhny Novgorod,0,0.31220498215407133,2.900467850267887,2.684352897107601
14520,Daniil Chevardin,5,140,0,0.3084307312965393,0,0,7,0,1,0,M S,Lokomotiv Moscow,0,0.3084307312965393,0.5934725403785706,0.410702183842659
13055,Dominik Oroz,21,1728,0,0.3033915488049388,0,0.6573535902425647,10,4,4,0,D S,Krylya Sovetov Samara,0,0.3033915488049388,2.3662856752052903,2.040534058585763
2712,Rifat Zhemaletdinov,13,300,0,0.2968681566417217,0,0.27972588688135147,6,4,0,0,M S,FK Akhmat,0,0.2968681566417217,0.7128892838954926,0.32988565787672997
13655,Eldar Civic,18,677,1,0.29576306603848934,2,1.391920859925449,11,13,3,1,D S,Baltika,1,0.29576306603848934,2.3058164287358522,1.2516977731138468
13680,Nikita Lobov,12,758,1,0.29503550799563527,0,0.08687982615083456,4,3,1,0,D S,Rubin Kazan,1,0.29503550799563527,0.901436333078891,0.893713966012001
7985,Danila Vedernikov,22,1657,1,0.29470502864569426,0,1.4777745380997658,9,10,3,0,D M S,FC Orenburg,1,0.29470502864569426,3.3762694727629423,2.142883375287056
10629,Nikita Ermakov,18,668,0,0.2918028701096773,0,0.22523061279207468,6,3,3,0,M S,Nizhny Novgorod,0,0.2918028701096773,1.199224499054253,0.8490088973194361
14067,Papa Amady Gadio,11,340,0,0.2861987669020891,0,0.03393043950200081,2,2,1,0,M S,FK Akhmat,0,0.2861987669020891,0.8820914383977652,0.5619622319936752
5457,Khetag Khosonov,23,1458,0,0.28540273755788803,1,0.7744167670607567,7,6,3,0,D M S,Akron,0,0.28540273755788803,3.0564007945358753,2.9053915701806545
10449,Vanja Drkusic,28,1608,0,0.2821670453995466,0,0.16724239848554134,5,3,3,0,D S,Zenit St. Petersburg,0,0.2821670453995466,2.861648002639413,2.7590586356818676
11645,Ugochukwu Iwu,14,1255,0,0.274797897785902,3,0.6987989153712988,12,8,3,0,M,Rubin Kazan,0,0.274797897785902,2.0323896761983633,1.5499752629548311
10690,Egor Pogostnov,6,340,0,0.27022697031497955,0,0,4,0,4,0,D S,Lokomotiv Moscow,0,0.27022697031497955,0.4635499194264412,0.3381102457642555
14040,Nemanja Stojic,10,815,0,0.26816757395863533,0,0.14099591225385666,3,3,0,0,D S,PFC Sochi,0,0.26816757395863533,2.0322757214307785,2.0322757214307785
9588,Yuri Gorshkov,7,251,1,0.2625519931316376,0,0.007152634672820568,4,1,0,0,D M S,Zenit St. Petersburg,1,0.2625519931316376,0.8966980157420039,0.7146036624908447
9587,Aleksandr Soldatenkov,29,2439,1,0.25762924272567034,1,0.9729957804083824,7,4,4,0,D S,"Krylya Sovetov Samara,PFC Sochi",1,0.25762924272567034,4.30703133624047,4.30703133624047
12476,Oumar Sako,22,1685,0,0.2536246459931135,0,0.009418772533535957,5,1,4,1,D S,FC Rostov,0,0.2536246459931135,1.0980645343661308,1.078342704102397
8368,Kirill Zaika,26,1608,0,0.24797106441110373,0,0.6392779909074306,6,6,6,1,D M S,PFC Sochi,0,0.24797106441110373,3.2297647316008806,2.5130863171070814
5923,Nikolay Kalinskiy,9,411,0,0.2462709005922079,0,0.8843489782884717,5,13,1,0,D M S,Nizhny Novgorod,0,0.2462709005922079,2.0838238075375557,1.460996549576521
9828,Turpal-Ali Ibishev,22,1306,0,0.2431832905858755,0,0.122523233294487,5,2,3,0,D M S,FK Akhmat,0,0.2431832905858755,0.8632995644584298,0.6349497064948082
12077,Ilya Kirsch,10,764,0,0.24279114603996277,0,0,4,0,0,0,D S,Nizhny Novgorod,0,0.24279114603996277,1.2891373746097088,1.277727048844099
5927,Aleksey Gritsaenko,13,978,0,0.23944267630577087,0,0.07172476500272751,2,1,0,0,D S,Rubin Kazan,0,0.23944267630577087,0.7206880263984203,0.7206880263984203
10679,Matvey Lukin,18,1375,1,0.22532103769481182,0,0.08449594769626856,5,3,5,0,D S,CSKA Moscow,1,0.22532103769481182,2.957544393837452,2.802531450986862
10371,Giovanni González,24,1473,0,0.22366005647927523,3,3.5384603198617697,7,22,4,0,D M S,FC Krasnodar,0,0.22366005647927523,7.4110169764608145,4.541121745482087
12501,Nader Ghandri,17,1406,0,0.21582862082868814,0,0.1497632460668683,8,3,4,0,D S,FK Akhmat,0,0.21582862082868814,1.8286537919193506,1.7898578625172377
12666,Rustam Yatimov,28,2520,0,0.2140413150191307,0,0,2,0,5,0,GK,FC Rostov,0,0.2140413150191307,1.6659212075173855,1.6659212075173855
11643,Maksim Shnaptsev,23,1849,0,0.21361090242862701,1,1.351197668351233,6,15,4,0,D M S,Nizhny Novgorod,0,0.21361090242862701,3.2935358192771673,1.9153663450852036
11481,Ivan Lepskiy,16,1148,0,0.21232935972511768,0,0.010864701122045517,7,1,0,0,D S,Krylya Sovetov Samara,0,0.21232935972511768,1.6905440799891949,1.6538861338049173
8347,Maksim Nenakhov,21,1238,0,0.20274188835173845,1,0.7138244835659862,7,7,3,1,D S,Lokomotiv Moscow,0,0.20274188835173845,2.847959849052131,2.5522155528888106
14507,Eduardo Anderson,7,241,0,0.19605383463203907,0,0.16436511278152466,4,3,1,0,D S,Baltika,0,0.19605383463203907,0.4216832462698221,0.15799330174922943
9582,Konstantin Nizhegorodov,17,832,1,0.19559122994542122,0,0.2961883880198002,5,5,2,1,D S,Rubin Kazan,1,0.19559122994542122,0.5031713433563709,0.3269111439585686
12703,Edgardo Fariña,14,1093,0,0.19190123304724693,0,0.16046129632741213,7,2,4,0,D S,Nizhny Novgorod,0,0.19190123304724693,1.2707072030752897,1.2170448238030076
12527,Yahya Attiat-Allah,8,651,0,0.18537578079849482,1,0.1153099499642849,6,3,4,0,D S,PFC Sochi,0,0.18537578079849482,0.35676441341638565,0.284489456564188
9121,Aleksandr Kutitskiy,12,436,0,0.1796120647341013,0,0.01347343809902668,4,1,3,0,D M S,Dinamo Moscow,0,0.1796120647341013,2.7134010083973408,2.546416539698839
2920,Sergei Petrov,15,1208,0,0.17796481866389513,1,1.3514283709228039,6,11,3,0,D,FC Krasnodar,0,0.17796481866389513,4.931665526703,4.114476939663291
9363,Tigran Avanesyan,4,306,0,0.174838125705719,0,0,7,0,2,0,M,FC Orenburg,0,0.174838125705719,0.5374841596931219,0.3985405545681715
10476,Aleksandr Kovalenko,24,1026,0,0.1722349151968956,0,0.17760704457759857,5,7,3,0,F M S,PFC Sochi,0,0.1722349151968956,2.654795846901834,2.3887185528874397
7183,Daniil Khlusevich,11,472,0,0.16854210197925568,0,0,2,0,0,1,D S,"FK Akhmat,Spartak Moscow",0,0.16854210197925568,0.8890310041606426,0.7837481908500195
10971,Srdjan Babic,10,594,0,0.16209998168051243,0,0,5,0,0,0,D S,Spartak Moscow,0,0.16209998168051243,1.6048045009374619,1.5838783234357834
12681,Idar Shumakhov,19,1489,0,0.16172376833856106,1,0.5967608988285065,6,2,2,0,D S,Dynamo Makhachkala,0,0.16172376833856106,1.7156829722225666,1.4275016449391842
14480,Matvey Urvantsev,10,289,0,0.1598704308271408,0,0,2,0,2,0,F S,Nizhny Novgorod,0,0.1598704308271408,0.6535655371844769,0.49369512125849724
14149,Daniil Kondakov,10,159,0,0.1577562838792801,0,0.13692915439605713,1,1,0,0,M S,Zenit St. Petersburg,0,0.1577562838792801,1.4262956827878952,1.2685394138097763
14072,Yomar Rocha,14,855,0,0.15703199431300163,0,0.2407197207212448,3,4,3,0,D S,Akron,0,0.15703199431300163,0.8533406294882298,0.5296640377491713
14497,Imran Firov,1,30,1,0.15587233006954193,1,0.42799845337867737,2,2,0,0,S,CSKA Moscow,1,0.15587233006954193,0.5990782976150513,0.04219488054513931
12663,Viktor Okishor,7,103,0,0.1473957784473896,0,0.02446056716144085,3,1,1,0,M S,Dinamo Moscow,0,0.1473957784473896,0.2016889564692974,0.029832608997821808
10660,Mamadou Maiga,11,643,0,0.14063218235969543,0,0.15747515112161636,2,3,2,1,D M S,Nizhny Novgorod,0,0.14063218235969543,1.0447152331471443,0.9340435639023781
13786,Kirill Danilov,11,914,0,0.13858221657574177,0,0.07701786421239376,2,2,2,0,D S,CSKA Moscow,0,0.13858221657574177,1.6326696034520864,1.5423056408762932
13564,Nikita Massalyga,4,4,0,0.13368277437984943,0,0,3,0,0,0,S,Spartak Moscow,0,0.13368277437984943,0.6390077173709869,0.5053249597549438
14472,Ruslan Kul,9,236,0,0.12582409754395485,1,0.2758412160910666,3,8,0,0,M S,FC Orenburg,0,0.12582409754395485,0.44886535219848156,0.1706921011209488
13643,Artem Sidorenko,5,68,0,0.11871510930359364,0,0.017260313034057617,4,1,0,0,S,Nizhny Novgorod,0,0.11871510930359364,0.21439728327095509,0.10305719077587128
8607,Adolfo Gaich,3,56,0,0.11449667438864708,0,0,2,0,0,0,S,Krylya Sovetov Samara,0,0.11449667438864708,0.11449667438864708,0
7681,Danila Prokhin,15,735,0,0.11243162211030722,0,0.22934869304299355,7,7,4,0,D M S,FC Rostov,0,0.11243162211030722,1.5293693896383047,1.2987969107925892
11086,Willyan,2,180,0,0.10979017242789268,0,0.04208756610751152,3,1,1,0,D,CSKA Moscow,0,0.10979017242789268,0.7621764540672302,0.7621764540672302
12688,Abakar Gadzhiev,6,79,0,0.10959756467491388,0,0.1783993747085333,2,4,1,0,S,FK Akhmat,0,0.10959756467491388,0.23826483450829983,0.015735389664769173
13657,Stefan Kovac,7,92,0,0.10476732067763805,0,0.17306974343955517,2,6,0,0,S,Baltika,0,0.10476732067763805,0.35715725645422935,0.1886323969811201
13667,Vadim Shilov,3,14,0,0.10423894226551056,0,0,1,0,0,0,S,Zenit St. Petersburg,0,0.10423894226551056,0.1393308937549591,0.03509195148944855
10607,Kirill Stolbov,10,234,0,0.09752991795539856,0,0.026843369007110596,1,1,0,0,M S,Krylya Sovetov Samara,0,0.09752991795539856,0.2562132282182574,0.1586833093315363
5899,Anton Zabolotny,9,147,0,0.09729707799851894,0,0.10091608017683029,3,1,0,1,F S,Spartak Moscow,0,0.09729707799851894,0.35216411761939526,0.15395096689462662
12512,Valeri Tsarukyan,4,104,0,0.09630239009857178,0,0.058334626257419586,1,2,0,0,M S,Nizhny Novgorod,0,0.09630239009857178,0.4255971913225949,0.27096017682924867
2820,Alexandr Zotov,5,52,0,0.09438234567642212,0,0,1,0,1,0,S,Rubin Kazan,0,0.09438234567642212,0.09438234567642212,0
5541,Konstantin Savichev,8,673,0,0.09292369242757559,0,0.06789923273026943,4,2,1,0,D,Akron,0,0.09292369242757559,0.4444176508113742,0.3223690502345562
10450,Artem Makarchuk,18,1076,0,0.0901836808770895,1,0.8600669289007783,4,17,3,0,D S,PFC Sochi,0,0.0901836808770895,1.660693233832717,1.1203957293182611
13163,Enri Mukba,1,1,0,0.08778577297925949,0,0.018454913049936295,1,1,0,0,S,Rubin Kazan,0,0.08778577297925949,0.08778577297925949,0
13678,Mohammadmehdi Zare,9,569,0,0.08534376323223114,0,0.10411108285188675,3,1,1,0,D S,FK Akhmat,0,0.08534376323223114,0.3341491734609008,0.23003809060901403
6658,Nikita Kakkoev,17,1162,0,0.08512471616268158,1,0.24159632250666618,3,8,3,0,D S,Nizhny Novgorod,0,0.08512471616268158,1.5361430868506432,1.3946339152753353
13831,Vadim Pigas,12,636,0,0.08465318381786346,0,0.27933917194604874,4,6,0,0,D S,Nizhny Novgorod,0,0.08465318381786346,0.6603604541160166,0.36507646553218365
7448,Wilmar Barrios,30,2567,0,0.0843602167442441,1,0.5504600144922733,4,9,3,0,M S,Zenit St. Petersburg,0,0.0843602167442441,5.073952555656433,4.661532695405185
12154,Nabil Aberdin,7,451,0,0.08005967270582914,0,0,3,0,2,0,D M S,PFC Sochi,0,0.08005967270582914,0.2508543850854039,0.2281274599954486
12058,Luis Chávez,4,158,0,0.07570925075560808,0,0,3,0,0,0,M S,Dinamo Moscow,0,0.07570925075560808,0.0998058570548892,0.08921123296022415
10668,Ruslan Magal,16,1092,0,0.07314275857061148,2,0.7128269076347351,4,8,1,0,D S,PFC Sochi,0,0.07314275857061148,3.322124334052205,3.215788997709751
14487,Denil Maldonado,9,721,0,0.06989425420761108,0,0,1,0,2,0,D S,Rubin Kazan,0,0.06989425420761108,0.35122140124440193,0.35122140124440193
13028,Amine Talal,2,76,0,0.0694760587066412,0,0.15655894577503204,2,2,0,0,M S,FK Akhmat,0,0.0694760587066412,0.2414458580315113,0.08556133508682251
11692,Aleksey Lysov,2,46,0,0.06834883242845535,0,0,1,0,0,0,S,Krylya Sovetov Samara,0,0.06834883242845535,0.06834883242845535,0
14491,David Ricardo,7,470,0,0.0677465284243226,0,0.06609135493636131,3,2,1,0,D S,Dinamo Moscow,0,0.0677465284243226,1.250180414877832,1.171399936079979
12673,Artem Kasimov,15,1058,0,0.06763004511594772,1,0.5786793828010559,3,3,5,0,D S,FC Orenburg,0,0.06763004511594772,2.5467708790674806,2.5467708790674806
12212,Leon Zaydenzal,9,450,0,0.06717993598431349,0,0.15244020894169807,3,2,1,0,D S,Dinamo Moscow,0,0.06717993598431349,1.5270741283893585,1.5127020180225372
14470,Jhon Palacios,12,1068,0,0.06704359035938978,0,0,4,0,3,0,D,FC Orenburg,0,0.06704359035938978,0.36036542523652315,0.34503193758428097
14496,Maksim Voronov,9,155,0,0.06655718386173248,0,0,1,0,0,0,F S,CSKA Moscow,0,0.06655718386173248,0.6219943910837173,0.5554372072219849
7196,Roman Evgeniev,9,733,0,0.05994022823870182,0,0,2,0,4,0,D S,Krylya Sovetov Samara,0,0.05994022823870182,1.0044512059539557,1.0044512059539557
9592,Roman Ezhov,18,906,0,0.05725565180182457,1,0.7226945832371712,1,11,2,0,F M S,PFC Sochi,0,0.05725565180182457,1.2117667775601149,0.7054201271384954
10693,Lucas Vera,10,252,0,0.05696432664990425,0,0.09429267887026072,2,2,0,0,M S,Lokomotiv Moscow,0,0.05696432664990425,0.9971448332071304,0.9424789547920227
14186,Vladislav Pospelov,2,52,0,0.0535046411678195,0,0.06263688951730728,3,1,0,0,S,Baltika,0,0.0535046411678195,0.18676136247813702,0.10000021010637283
2725,Georgi Zotov,6,498,0,0.05321991443634033,0,0.20064458716660738,3,4,0,0,D M,FC Orenburg,0,0.05321991443634033,0.2388467090204358,0.02798239141702652
10640,Vladimir Khubulov,5,182,0,0.0531371645629406,0,0.08474171906709671,1,1,3,0,F S,Krylya Sovetov Samara,0,0.0531371645629406,0.2595261372625828,0.20638897269964218
12669,Ilya Zhbanov,6,316,0,0.05228712409734726,1,0.24255751818418503,1,4,0,0,D S,FC Rostov,0,0.05228712409734726,0.37380829080939293,0.15226679667830467
14585,Ivan Ivashchenko,2,138,0,0.05163488909602165,0,0,1,0,0,0,D,FC Orenburg,0,0.05163488909602165,0.5907421112060547,0.5907421112060547
12670,Sékou Koïta,4,69,0,0.04163872264325619,0,0,2,0,0,0,S,CSKA Moscow,0,0.04163872264325619,0.04163872264325619,0.019540447741746902
12522,Diego Luna,1,7,0,0.04011699929833412,0,0,1,0,0,0,S,Baltika,0,0.04011699929833412,0.04011699929833412,0
11663,German Ignatov,9,306,0,0.039433758705854416,0,0.03210095316171646,1,1,0,0,D S,FC Rostov,0,0.039433758705854416,0.2137119621038437,0.17427820339798927
8350,Vadim Lukyanov,1,90,0,0.03900406137108803,0,0,1,0,0,0,GK,Nizhny Novgorod,0,0.03900406137108803,0.15719109773635864,0.11818704009056091
13650,Gadzhi Budunov,3,3,0,0.036983802914619446,0,0,1,0,0,0,S,Dynamo Makhachkala,0,0.036983802914619446,0,0
9956,Darko Todorovic,6,383,0,0.035161273553967476,0,0.32954919431358576,2,6,1,1,D S,FK Akhmat,0,0.035161273553967476,0.8010604456067085,0.5369652509689331
14495,Matheus Reis,9,468,0,0.03213691711425781,0,0.14085248857736588,2,3,0,0,D S,CSKA Moscow,0,0.03213691711425781,0.8477266766130924,0.7068741898983717
11687,Strahinja Erakovic,12,635,0,0.030789675191044807,0,0,1,0,1,0,D S,Zenit St. Petersburg,0,0.030789675191044807,1.194323044270277,1.194323044270277
13557,Atsamaz Revazov,5,74,0,0.027010522782802582,0,0.12846580892801285,1,3,1,0,S,FC Orenburg,0,0.027010522782802582,0.5290215015411377,0.37354515492916107
13488,Juan Castillo I,9,417,0,0.024227850139141083,0,0.7836440354585648,2,5,2,0,D M S,Nizhny Novgorod,0,0.024227850139141083,0.959238238632679,0.1729605421423912
11561,Ivan Bober,1,71,0,0.021796341985464096,0,0.012101156637072563,1,1,0,0,F,Krylya Sovetov Samara,0,0.021796341985464096,0.03389749675989151,0
11123,Pavel Meleshin,4,30,0,0.02160860039293766,0,0,1,0,0,0,S,PFC Sochi,0,0.02160860039293766,0.02160860039293766,0
11697,Oleg Reabciuk,10,297,0,0.020344771444797516,0,0.1331261806190014,1,2,1,0,D S,Spartak Moscow,0,0.020344771444797516,0.582553337328136,0.42908237781375647
13672,Stanislav Poroykov,7,234,0,0.01764007844030857,0,0.32094669342041016,1,2,1,0,D S,FC Orenburg,0,0.01764007844030857,0.48227455327287316,0.47192641207948327
13658,Egor Lyubakov,3,270,0,0.017404580488801003,0,0,1,0,0,0,GK,Baltika,0,0.017404580488801003,0,0
2857,Oleg Ivanov,18,112,0,0.01652458868920803,0,0.1192261092364788,1,3,1,0,S,Rubin Kazan,0,0.01652458868920803,0.23612659284844995,0.13706618966534734
13547,Rodrigo Villagra,8,326,0,0.01483496930450201,0,0.022391634061932564,1,2,1,0,M S,CSKA Moscow,0,0.01483496930450201,0.7107185898348689,0.7107185898348689
13666,Román Vega,14,417,0,0.014336483553051949,0,0.9866852313280106,1,11,1,0,D S,Zenit St. Petersburg,0,0.014336483553051949,2.3930451683700085,1.6969956494867802
12679,Mutalip Alibekov,17,1489,0,0.014321040362119675,0,0.015376947820186615,1,1,2,0,D,Dynamo Makhachkala,0,0.014321040362119675,0.9123999308794737,0.8970229756087065
14473,Alexis Cantero,7,430,0,0.013966596685349941,0,0.08448771014809608,1,2,2,0,D S,FC Orenburg,0,0.013966596685349941,0.32343804463744164,0.23895033448934555
13169,Artem Bandikyan,7,268,0,0.013530166819691658,0,0.16616331785917282,1,2,0,0,D M S,CSKA Moscow,0,0.013530166819691658,0.4079140964895487,0.31936167925596237
11444,Milan Majstorovic,2,106,0,0.013495617546141148,0,0,1,0,0,0,D,Dinamo Moscow,0,0.013495617546141148,0.0727206664159894,0.05922504886984825
12656,Arseni Dmitriev,7,91,0,0.012869186699390411,0,0.04639810509979725,1,2,0,0,F S,Akron,0,0.012869186699390411,0.1487139854580164,0.10231588035821915
13173,Dmitri Aleksandrov,3,84,0,0.012637904845178127,0,0.04914705082774162,1,1,0,0,M S,Dinamo Moscow,0,0.012637904845178127,0.06178495567291975,0
13660,Nikita Shershov,1,49,0,0.012317823246121407,0,0.059420932084321976,1,1,0,0,F,Akron,0,0.012317823246121407,0.07589690387248993,0.016475973650813103
5952,Arsen Adamov,3,49,0,0.01126717310398817,0,0,1,0,0,0,S,Zenit St. Petersburg,0,0.01126717310398817,0.12731903046369553,0.12731903046369553
13679,Vladan Bubanja,8,124,0,0.009827837347984314,0,0,1,0,0,0,M S,FC Orenburg,0,0.009827837347984314,0.036317938938736916,0.0264901015907526
13489,Yaroslav Krashevskiy,6,209,0,0.009004328399896622,0,0,1,0,1,1,D S,Nizhny Novgorod,0,0.009004328399896622,0.5463841557502747,0.5373798608779907
13494,Dzhamalutdin Abdulkadyrov,9,127,0,0.006594690959900618,0,0,1,0,0,0,D S,"CSKA Moscow,FK Akhmat",0,0.006594690959900618,0.045444753021001816,0.03885006159543991
13890,Matvey Fedorov,1,11,0,0,0,0,0,0,0,0,S,Nizhny Novgorod,0,0,0,0
14539,Abdulla Ashurov,2,2,0,0,0,0,0,0,0,0,S,Dynamo Makhachkala,0,0,0,0
14513,Efim Burkin,1,1,0,0,0,0,0,0,0,0,S,FC Krasnodar,0,0,0,0
13914,Daniel Ruiz,2,18,0,0,0,0,0,0,0,0,S,CSKA Moscow,0,0,0.09155464172363281,0.09155464172363281
2288,Theo Bongonda,4,36,0,0,0,0.026108447462320328,0,1,0,0,S,Spartak Moscow,0,0,0.5737510919570923,0.5476426482200623
2759,Igor Leshchuk,6,540,0,0,0,0,0,0,0,0,GK,Dinamo Moscow,0,0,0.7165557630360126,0.7165557630360126
14546,Aleksandr Metsiev,1,1,0,0,0,0,0,0,0,0,S,PFC Sochi,0,0,0,0
14549,Pavel Polekh,2,9,0,0,0,0,0,0,0,0,S,Spartak Moscow,0,0,0,0
13820,Kazbek Mukailov,2,13,0,0,0,0,0,0,0,0,S,FC Krasnodar,0,0,0,0
13687,Lionel Verde,2,43,0,0,0,0,0,0,0,0,S,CSKA Moscow,0,0,0.04454013332724571,0.04454013332724571
3161,Alexander Vasyutin,2,180,0,0,0,0,0,0,0,0,GK,Akron,0,0,0.03182562068104744,0.03182562068104744
13685,Denis Popenkov,2,117,0,0,0,0,0,0,0,0,D S,Akron,0,0,0.03592561185359955,0.03592561185359955
3162,Khoren Bayramyan,8,92,0,0,0,0.2925038766115904,0,2,1,0,S,FC Rostov,0,0,0.8461778145283461,0.5536739379167557
3150,Andrey Lunev,14,1260,0,0,0,0,0,0,0,0,GK,Dinamo Moscow,0,0,1.2229432053864002,1.2229432053864002
13998,Ramiro Di Luciano,2,60,0,0,0,0.05966497212648392,0,1,0,0,D S,CSKA Moscow,0,0,0.05966497212648392,0.05966497212648392
13915,Aleksandr Morozov,1,12,0,0,0,0,0,0,0,0,S,Akron,0,0,0,0
14512,Gonzalo Requena,2,173,0,0,0,0.03884922340512276,0,1,1,0,D,Krylya Sovetov Samara,0,0,0.18468147423118353,0.14583225455135107
14475,Elder Guseynov,2,24,0,0,0,0,0,0,0,0,S,FC Krasnodar,0,0,0.7931426167488098,0.7931426167488098
2808,Sergey Pesjakov,31,2778,0,0,0,0,0,0,1,0,GK,Krylya Sovetov Samara,0,0,2.316125251352787,2.316125251352787
3192,Ilya Lantratov,1,90,0,0,0,0,0,0,0,0,GK,Lokomotiv Moscow,0,0,0.12085386365652084,0.12085386365652084
2741,Evgeni Frolov,1,12,0,0,0,0,0,0,0,0,S,Krylya Sovetov Samara,0,0,0,0
14124,Danila Savelyev,1,17,0,0,0,0,0,0,0,0,S,Krylya Sovetov Samara,0,0,0.008463641628623009,0.008463641628623009
2876,Igor Akinfeev,19,1687,0,0,0,0.026291534304618835,0,1,2,0,GK,CSKA Moscow,0,0,1.841958086937666,1.815666552633047
14079,Kirill Stepanov,3,18,0,0,0,0,0,0,0,0,S,Baltika,0,0,0,0
2898,Giorgi Shelia,17,1530,0,0,1,0.2558493986725807,0,2,1,0,GK,FK Akhmat,0,0,0.7588175805285573,0.5029681818559766
3011,Vitaly Gudiev,25,2250,0,0,0,0,0,0,2,0,GK,Akron,0,0,1.691269600763917,1.691269600763917
3026,Artem Timofeev,1,2,0,0,0,0,0,0,0,0,S,Lokomotiv Moscow,0,0,0.2801080346107483,0.2801080346107483
14061,Gleb Popolitov,2,34,0,0,0,0,0,0,0,0,S,CSKA Moscow,0,0,0.00904124230146408,0.00904124230146408
14484,Nikita Karabashev,2,180,0,0,0,0,0,0,1,0,GK,Dynamo Makhachkala,0,0,0,0
3070,Maksim Rudakov,2,180,0,0,0,0,0,0,1,0,GK,"FC Orenburg,PFC Sochi",0,0,0,0
14489,Daniil Motorin,5,20,0,0,0,0,0,0,0,0,S,Rubin Kazan,0,0,0,0
3081,Aleksandr Maksimenko,30,2700,0,0,0,0.3137598130851984,0,2,1,0,GK,Spartak Moscow,0,0,2.857374457642436,2.8368605859577656
14498,Mingiyan Badmaev,1,1,0,0,0,0,0,0,0,0,S,CSKA Moscow,0,0,0,0
14014,Vakho Bedoshvili,1,20,0,0,0,0,0,0,0,0,S,Nizhny Novgorod,0,0,0.10814570635557175,0.10814570635557175
3129,Anton Mitryushkin,29,2610,0,0,0,0,0,0,1,0,GK,Lokomotiv Moscow,0,0,2.7003991403616965,2.7003991403616965
2786,Nikita Medvedev,29,2610,0,0,0,0.07659044116735458,0,1,1,0,GK,Nizhny Novgorod,0,0,0.6139981290325522,0.5374076878651977
2850,Rizvan Utsiev,1,1,0,0,0,0,0,0,0,0,S,FK Akhmat,0,0,0,0
11573,Aleksey Baranovskiy,1,17,0,0,0,0,0,0,0,0,S,FC Orenburg,0,0,0.013711250387132168,0.013711250387132168
13669,Ibraheem Ajasa,2,10,0,0,0,0,0,0,0,0,S,FC Rostov,0,0,0,0
9806,Ricardo Mangas,2,180,0,0,0,0.16191277001053095,0,3,1,0,D,Spartak Moscow,0,0,0.7015056014060974,0.6041643619537354
12682,Aleksandr Sandrachuk,3,40,0,0,0,0.022841786965727806,0,1,0,0,S,Dynamo Makhachkala,0,0,0.022841786965727806,0
8504,Vladislav Karapuzov,2,113,0,0,0,0.02499658614397049,0,1,0,0,M,Nizhny Novgorod,0,0,0.02499658614397049,0
8519,Stanislav Agkatsev,30,2700,0,0,0,0,0,0,2,0,GK,FC Krasnodar,0,0,4.776362890377641,4.776362890377641
8556,Daniil Odoevskiy,1,21,0,0,0,0,0,0,0,0,S,FC Rostov,0,0,0,0
12674,Egor Guziev,1,1,0,0,0,0,0,0,0,0,S,Spartak Moscow,0,0,0,0
12672,Saeid Saharkhizan,1,1,0,0,0,0,0,0,0,0,S,FC Orenburg,0,0,0,0
9376,Ivan Kukushkin,4,360,0,0,0,0,0,0,1,0,GK,Baltika,0,0,0.5096579864621162,0.5096579864621162
12667,Hidajet Hankic,2,159,0,0,0,0,0,0,0,0,GK,FC Rostov,0,0,0.07366585731506348,0.07366585731506348
9586,Ivan Lomaev,1,90,0,0,0,0,0,0,0,0,GK,PFC Sochi,0,0,0.12798799574375153,0.12798799574375153
9589,Dmytro Ivanisenya,3,115,0,0,0,0.018868112936615944,0,1,1,0,M S,Krylya Sovetov Samara,0,0,0.08638161607086658,0.08638161607086658
12610,Makar Chirkov,2,33,0,0,0,0,0,0,0,0,S,PFC Sochi,0,0,0.023711910471320152,0.023711910471320152
8362,Ilya Samoshnikov,3,74,0,0,0,0,0,0,0,0,M S,"Lokomotiv Moscow,Spartak Moscow",0,0,0,0
10116,Vladislav Shitov,1,19,0,0,0,0.06493991613388062,0,1,0,0,S,Krylya Sovetov Samara,0,0,0.06493991613388062,0
10470,Marat Apshatsev,2,52,0,0,0,0,0,0,1,0,F S,Rubin Kazan,0,0,0,0
12503,Yahya Marovedov,1,68,0,0,0,0,0,0,0,0,S,FK Akhmat,0,0,0,0
10688,Yaroslav Mikhaylov,1,1,0,0,0,0,0,0,0,0,S,Zenit St. Petersburg,0,0,0,0
12209,Aleksandr Degtev,18,1620,0,0,0,0,0,0,2,0,GK,PFC Sochi,0,0,1.5045764138922095,1.5045764138922095
11095,Daniil Zorin,2,2,0,0,0,0,0,0,0,0,S,Spartak Moscow,0,0,0,0
11695,Kurban Rasulov,10,900,0,0,0,0,0,0,2,0,GK,Dinamo Moscow,0,0,0.3426498547196388,0.3426498547196388
11680,Maksim Borisko,23,2070,0,0,0,0,0,0,0,0,GK,Baltika,0,0,0.7860702099278569,0.7860702099278569
11679,Aleksandr Osipov,6,192,0,0,0,0,0,0,0,0,D S,PFC Sochi,0,0,0.7247676961123943,0.7247676961123943
11435,Milos Satara,1,40,0,0,0,0,0,0,0,0,S,FK Akhmat,0,0,0.007253613788634539,0.007253613788634539
8444,Pavel Gorelov,3,73,0,0,0,0.021990913897752762,0,1,0,0,S,FC Orenburg,0,0,0.021990913897752762,0
7895,Vladislav Torop,12,1013,0,0,0,0.041456349194049835,0,1,0,0,GK S,CSKA Moscow,0,0,1.0778055116534233,1.0363491624593735
13668,Aleksandr Tarasov,5,140,0,0,0,0,0,0,1,0,D S,FC Rostov,0,0,0.14746409840881824,0.14746409840881824
13499,Vadim Ulyanov,13,1102,0,0,0,0,0,0,1,0,GK,FK Akhmat,0,0,0.24269022326916456,0.24269022326916456
4199,Anton Shvets,1,36,0,0,1,0.518865168094635,0,1,0,0,S,Rubin Kazan,0,0,0.051567647606134415,0.051567647606134415
5409,Denis Adamov,26,2340,0,0,0,0.026371553540229797,0,1,2,0,GK,Zenit St. Petersburg,0,0,1.2703172639012337,1.2439457103610039
5477,Cristian Ramírez,8,188,0,0,0,0.1722058579325676,0,3,1,0,S,Lokomotiv Moscow,0,0,1.6987507529556751,1.5517073199152946
5498,Aleksandr Lomakin,1,13,0,0,0,0,0,0,0,0,S,FC Orenburg,0,0,0.08253812044858932,0.08253812044858932
13659,Dmitri Nikitin,1,7,0,0,0,0.04011699929833412,0,1,0,0,S,Baltika,0,0,0.04011699929833412,0
5503,Evgeny Latyshonok,4,360,0,0,0,0,0,0,1,0,GK,Zenit St. Petersburg,0,0,0.11636194214224815,0.11636194214224815
5538,Vyacheslav Karavayev,2,169,0,0,1,0.6779322549700737,0,3,0,0,D,Zenit St. Petersburg,0,0,1.3009666204452515,0.725803941488266
13651,Artem Korneev,6,17,0,0,0,0,0,0,0,0,S,PFC Sochi,0,0,0.09435383975505829,0.09435383975505829
13617,Nikolay Koserik,2,56,0,0,0,0,0,0,0,0,S,FC Orenburg,0,0,0,0
13549,Artem Khmarin,2,7,0,0,0,0.012318115681409836,0,1,0,0,S,FC Krasnodar,0,0,0.012318115681409836,0
6769,Yuri Dyupin,10,900,0,0,0,0,0,0,1,0,GK,PFC Sochi,0,0,0.13223681412637234,0.13223681412637234
12690,Timur Magomedov,13,1170,0,0,0,0,0,0,0,0,GK,Dynamo Makhachkala,0,0,0.17147235199809074,0.17147235199809074
13487,Danila Godyaev,3,10,0,0,0,0,0,0,0,0,S,Lokomotiv Moscow,0,0,0,0
13486,Ilyas Akhmedov,7,390,0,0,0,0.04267572984099388,0,1,0,0,D M S,Dynamo Makhachkala,0,0,0.12318583391606808,0.0805101078003645
13485,Kirill Pomeshkin,2,49,0,0,0,0.0682951807975769,0,2,1,0,S,Dynamo Makhachkala,0,0,0.0682951807975769,0
6771,Amir Mokhammad,1,19,0,0,0,0.012457109987735748,0,1,0,0,S,Baltika,0,0,0.012457109987735748,0
7283,Daniil Utkin,1,1,0,0,0,0,0,0,0,0,S,Baltika,0,0,0,0
7499,Ilya Agapov,1,42,0,0,0,0,0,0,0,0,S,Akron,0,0,0,0
7654,David Volk,15,1350,0,0,0,0,0,0,0,0,GK,Dynamo Makhachkala,0,0,0.4208008497953415,0.4208008497953415
12700,Shamil Gadzhiev,6,6,0,0,0,0,0,0,0,0,S,Dynamo Makhachkala,0,0,0,0
12697,Evgeni Staver,30,2700,0,0,0,0,0,0,0,0,GK,Rubin Kazan,0,0,0.6499873278662562,0.6499873278662562
12695,Nikita Vasilyev,1,57,0,0,0,0,0,0,0,0,M,Rubin Kazan,0,0,0,0
13545,Ignat Terekhovskiy,3,270,0,0,0,0,0,0,0,0,GK,Akron,0,0,0.021354004740715027,0.021354004740715027
