player_id,player_name,team_id,team_name
16900,Achref Abada,490,Algeria
15396,Adil Boulbina,490,Algeria
16901,Ahmed Nadhir Benbouali,490,Algeria
4540,Amine Gouiri,490,Algeria
3368,Anis Hadj Moussa,490,Algeria
1448,Aïssa Mandi,490,Algeria
1351,Farès Chaïbi,490,Algeria
16902,Farès Ghedjemis,490,Algeria
1504,Hicham Boudaoui,490,Algeria
8230,Houssem Aouar,490,Algeria
2140,Ibrahim Maza,490,Algeria
3202,Jaouen Hadjam,490,Algeria
15394,Luca Zidane,490,Algeria
16899,Melvin Mastil,490,Algeria
1376,Mohamed Amoura,490,Algeria
14698,Mohamed Tougai,490,Algeria
1460,Nabil Bentaleb,490,Algeria
15398,Oussama Benbot,490,Algeria
2616,Rafik Belghali,490,Algeria
5260,Ramiz Zerrouki,490,Algeria
2169,Ramy Bensebaini,490,Algeria
861,Rayan Aït-Nouri,490,Algeria
8116,Riyad Mahrez,490,Algeria
3823,Samir Sophian Chergui,490,Algeria
1423,Yacine Titraoui,490,Algeria
15046,Zineddine Belaid,490,Algeria
3622,Agustín Giay,489,Argentina
3448,Alan Varela,489,Argentina
396,Alejandro Garnacho,489,Argentina
328,Alexis Mac Allister,489,Argentina
3623,Aníbal Moreno,489,Argentina
2147,Claudio Echeverri,489,Argentina
720,Cristian Romero,489,Argentina
517,Emiliano Buendía,489,Argentina
1629,Emiliano Martínez,489,Argentina
387,Enzo Fernández,489,Argentina
4750,Exequiel Palacios,489,Argentina
4345,Ezequiel Fernández,489,Argentina
22726,Facundo Cambeses,489,Argentina
4603,Facundo Medina,489,Argentina
604,Franco Mastantuono,489,Argentina
16870,Gabriel Rojas,489,Argentina
23012,Germán Pezzella,489,Argentina
1922,Gerónimo Rulli,489,Argentina
2062,Gianluca Prestianni,489,Argentina
3850,Giovani Lo Celso,489,Argentina
767,Giuliano Simeone,489,Argentina
23014,Gonzalo Montiel,489,Argentina
1652,Guido Rodríguez,489,Argentina
34,José Manuel López,489,Argentina
777,Juan Musso,489,Argentina
770,Julián Alvarez,489,Argentina
3745,Kevin Mac Allister,489,Argentina
22023,Lautaro Di Lollo,489,Argentina
1687,Lautaro Martínez,489,Argentina
16872,Leandro Paredes,489,Argentina
1934,Leonardo Balerdi,489,Argentina
9063,Lionel Messi,489,Argentina
1800,Lisandro Martínez,489,Argentina
16871,Lucas Martínez Quarta,489,Argentina
16869,Marcos Acuña,489,Argentina
2370,Marcos Senesi,489,Argentina
2546,Mateo Pellegrino,489,Argentina
1066,Matías Soulé,489,Argentina
22011,Milton Delgado,489,Argentina
2826,Máximo Perrone,489,Argentina
761,Nahuel Molina,489,Argentina
2829,Nico Paz,489,Argentina
1590,Nicolás Capaldo,489,Argentina
555,Nicolás Domínguez,489,Argentina
768,Nicolás González,489,Argentina
2054,Nicolás Otamendi,489,Argentina
1107,Nicolás Tagliafico,489,Argentina
9057,Rodrigo De Paul,489,Argentina
23005,Santiago Beltrán,489,Argentina
956,Santiago Castro,489,Argentina
773,Thiago Almada,489,Argentina
22017,Tomás Aranda,489,Argentina
3896,Valentín Barco,489,Argentina
438,Walter Benítez,489,Argentina
3548,Zaid Romero,489,Argentina
9142,Aiden O'Neill,459,Australia
5369,Ajdin Hrustić,459,Australia
4264,Alessandro Circati,459,Australia
30428,Awer Mabil,459,Australia
55294,Aziz Behich,459,Australia
6525,Cameron Burgess,459,Australia
5770,Cameron Devlin,459,Australia
2490,Connor Metcalfe,459,Australia
2854,Cristian Volpato,459,Australia
23925,Harry Souttar,459,Australia
2484,Jackson Irvine,459,Australia
30894,Jacob Italiano,459,Australia
42887,Jason Geria,459,Australia
4396,Jordan Bos,459,Australia
12181,Kai Trewin,459,Australia
12179,Lucas Herrington,459,Australia
57496,Mathew Leckie,459,Australia
2111,Mathew Ryan,459,Australia
26604,Miloš Degenek,459,Australia
8991,Mohamed Touré,459,Australia
6040,Nestory Irankunda,459,Australia
55793,Nishan Velupillay,459,Australia
58824,Patrick Beach,459,Australia
28992,Paul Izzo,459,Australia
58823,Paul Okon-Engstler,459,Australia
5936,Tete Yengi,459,Australia
12758,Alessandro Schöpf,483,Austria
2390,Alexander Prass,483,Austria
3034,Alexander Schlager,483,Austria
2170,Carney Chukwuemeka,483,Austria
2894,Christoph Baumgartner,483,Austria
2761,David Affengruber,483,Austria
4020,David Alaba,483,Austria
888,Florian Grillitsch,483,Austria
3218,Florian Wiegele,483,Austria
721,Kevin Danso,483,Austria
2457,Konrad Laimer,483,Austria
2161,Marcel Sabitzer,483,Austria
2500,Marco Friedl,483,Austria
3065,Marko Arnautović,483,Austria
8530,Michael Gregoritsch,483,Austria
16694,Michael Svoboda,483,Austria
2893,Nicolas Seiwald,483,Austria
16695,Patrick Pentz,483,Austria
1375,Patrick Wimmer,483,Austria
3522,Paul Wanner,483,Austria
1174,Philipp Lienhart,483,Austria
1198,Phillipp Mwene,483,Austria
2504,Romano Schmid,483,Austria
4824,Saša Kalajdžić,483,Austria
2832,Stefan Posch,483,Austria
2892,Xaver Schlager,483,Austria
1991,Alexis Saelemaekers,477,Belgium
508,Amadou Onana,477,Belgium
1349,Arthur Theate,477,Belgium
1042,Axel Witsel,477,Belgium
3537,Brandon Mechele,477,Belgium
1305,Charles De Ketelaere,477,Belgium
1713,Diego Moreira,477,Belgium
3974,Dodi Lukebakio,477,Belgium
3542,Hans Vanaken,477,Belgium
3538,Joaquin Seys,477,Belgium
853,Jérémy Doku,477,Belgium
4374,Kevin De Bruyne,477,Belgium
2004,Koni De Winter,477,Belgium
3461,Leandro Trossard,477,Belgium
1464,Matías Fernández-Pardo,477,Belgium
491,Maxim De Cuyper,477,Belgium
1701,Mike Penders,477,Belgium
1447,Nathan Ngoy,477,Belgium
3015,Nicolas Raskin,477,Belgium
8676,Romelu Lukaku,477,Belgium
1788,Senne Lammens,477,Belgium
585,Thibaut Courtois,477,Belgium
1446,Thomas Meunier,477,Belgium
834,Timothy Castagne,477,Belgium
514,Youri Tielemans,477,Belgium
4434,Zeno Debast,477,Belgium
2052,Amar Dedić,931,Bosnia & Herzegovina
3222,Amar Memić,931,Bosnia & Herzegovina
6193,Amir Hadžiahmetović,931,Bosnia & Herzegovina
4150,Armin Gigović,931,Bosnia & Herzegovina
26812,Benjamin Tahirović,931,Bosnia & Herzegovina
29274,Dennis Hadžikadunić,931,Bosnia & Herzegovina
41783,Dženis Burnić,931,Bosnia & Herzegovina
1343,Edin Džeko,931,Bosnia & Herzegovina
4516,Ermedin Demirović,931,Bosnia & Herzegovina
53958,Ermin Mahmic,931,Bosnia & Herzegovina
3515,Esmir Bajraktarević,931,Bosnia & Herzegovina
2877,Haris Tabaković,931,Bosnia & Herzegovina
53960,Ivan Bašić,931,Bosnia & Herzegovina
3604,Ivan Šunjić,931,Bosnia & Herzegovina
10686,Jovo Lukić,931,Bosnia & Herzegovina
3046,Kerim Alajbegović,931,Bosnia & Herzegovina
12455,Martin Zlomislić,931,Bosnia & Herzegovina
59651,Mladen Jurkas,931,Bosnia & Herzegovina
8423,Nidal Čelik,931,Bosnia & Herzegovina
6344,Nihad Mujakić,931,Bosnia & Herzegovina
27586,Nikola Katić,931,Bosnia & Herzegovina
2476,Nikola Vasilj,931,Bosnia & Herzegovina
53959,Osman Hadžikić,931,Bosnia & Herzegovina
13780,Samed Baždar,931,Bosnia & Herzegovina
1312,Sead Kolašinac,931,Bosnia & Herzegovina
12458,Stjepan Radeljić,931,Bosnia & Herzegovina
2846,Tarik Muharemović,931,Bosnia & Herzegovina
51,Alex Sandro,463,Brazil
322,Alisson,463,Brazil
4634,Bremer,463,Brazil
709,Bruno Guimarães,463,Brazil
1793,Casemiro,463,Brazil
1793,Casemiro,463,Brazil
49,Danilo,463,Brazil
5034,Danilo Barbosa,463,Brazil
16392,Douglas Santos,463,Brazil
3406,Ederson,463,Brazil
606,Endrick,463,Brazil
8156,Fabinho,463,Brazil
4072,Gabriel Magalhães,463,Brazil
452,Gabriel Martinelli,463,Brazil
473,Igor Thiago,463,Brazil
1642,Lucas Paquetá,463,Brazil
16393,Luiz Henrique,463,Brazil
50,Léo Pereira,463,Brazil
2244,Marquinhos,463,Brazil
2244,Marquinhos,463,Brazil
4119,Matheus Cunha,463,Brazil
215,Neymar,463,Brazil
747,Raphinha,463,Brazil
663,Rayan,463,Brazil
8113,Roger Ibañez,463,Brazil
595,Vinícius Júnior,463,Brazil
1065,Wesley,463,Brazil
4488,Weverton,463,Brazil
22070,Benchimol,476,Cabo Verde
9347,CJ Dos Santos,476,Cabo Verde
2276,Dailon Rocha Livramento,476,Cabo Verde
3314,Deroy Duarte,476,Cabo Verde
22092,Diney Borges,476,Cabo Verde
22074,Garry Rodrigues,476,Cabo Verde
3176,Hélio Varela,476,Cabo Verde
5331,Jamiro Monteiro,476,Cabo Verde
1241,Jovane Cabral,476,Cabo Verde
11206,João Paulo,476,Cabo Verde
22093,Kelvin Pires,476,Cabo Verde
22076,Kevin Lenini,476,Cabo Verde
22077,Laros Duarte,476,Cabo Verde
22088,Logan Costa,476,Cabo Verde
11394,Márcio Rosa,476,Cabo Verde
6645,Nuno Da Costa,476,Cabo Verde
22089,Pico,476,Cabo Verde
7073,Ryan Mendes,476,Cabo Verde
1235,Sidny Lopes Cabral,476,Cabo Verde
9199,Steven Moreira,476,Cabo Verde
22091,Stopira,476,Cabo Verde
2701,Telmo Arcanjo,476,Cabo Verde
22095,Vozinha,476,Cabo Verde
6789,Wagner Pina,476,Cabo Verde
22075,Willy Semedo,476,Cabo Verde
22079,Yannick Semedo,476,Cabo Verde
6324,Alfie Jones,455,Canada
8580,Ali Ahmed,455,Canada
4406,Alistair Johnston,455,Canada
5170,Alphonso Davies,455,Canada
4164,Cyle Larin,455,Canada
6736,Daniel Jebbison,455,Canada
9096,Dayne St. Clair,455,Canada
4155,Derek Cornelius,455,Canada
2848,Ismael Koné,455,Canada
9013,Jacen Russell Rowe,455,Canada
9296,Jacob Shaffelburg,455,Canada
7161,Jamie Knight-Lebel,455,Canada
9128,Jayden Nelson,455,Canada
9350,Joel Waterman,455,Canada
2186,Jonathan David,455,Canada
9550,Jonathan Osorio,455,Canada
6190,Liam Millar,455,Canada
7612,Luc De Fougerolles,455,Canada
10209,Marcelo Flores,455,Canada
9202,Mathieu Choinière,455,Canada
9267,Maxime Crépeau,455,Canada
4514,Moise Bombito,455,Canada
7351,Nathan-Dylan Saliba,455,Canada
16947,Niko Sigur,455,Canada
16948,Owen Goodman,455,Canada
3754,Promise David,455,Canada
9098,Ralph Priso,455,Canada
9548,Richie Laryea,455,Canada
1011,Stephen Eustaquio,455,Canada
1769,Tajon Buchanan,455,Canada
1779,Tani Oluwaseyi,455,Canada
9460,Zorhan Bassong,455,Canada
19036,Aldair Quintana,498,Colombia
662,Andrés Gómez,498,Colombia
23844,Andrés Mosquera,498,Colombia
19417,Andrés Román,498,Colombia
10304,Camilo Vargas,498,Colombia
655,Carlos Cuesta,498,Colombia
10105,Cristián Borja,498,Colombia
1578,Cucho Hernández,498,Colombia
426,Daniel Muñoz,498,Colombia
16390,David Ospina,498,Colombia
3726,Davinson Sánchez,498,Colombia
1420,Deiver Machado,498,Colombia
22381,Edwuin Cetré,498,Colombia
16386,Gustavo Puerta,498,Colombia
10128,James Rodríguez,498,Colombia
16391,Jaminton Campaz,498,Colombia
428,Jefferson Lerma,498,Colombia
22995,Jhohan Romaña,498,Colombia
530,Jhon Arias,498,Colombia
16388,Jhon Córdoba,498,Colombia
3419,Jhon Durán,498,Colombia
949,Jhon Lucumí,498,Colombia
3853,Jhon Solís,498,Colombia
2686,Johan Carbonero,498,Colombia
2641,Johan Mojica,498,Colombia
10276,Johan Rojas,498,Colombia
1160,Jordan Barrera,498,Colombia
54,Jorge Carrascal,498,Colombia
2189,Juan Cabal,498,Colombia
4132,Juan Cuadrado,498,Colombia
16387,Juan Fernando Quintero,498,Colombia
19422,Juan Manuel Rengifo,498,Colombia
12242,Juan Portilla,498,Colombia
18510,Junior Hernández,498,Colombia
16385,Kevin Castaño,498,Colombia
10041,Kevin Mier,498,Colombia
12246,Kevin Viveros,498,Colombia
2465,Luis Díaz,498,Colombia
1221,Luis Javier Suárez,498,Colombia
1574,Nelson Deossa,498,Colombia
12203,Néiser Villarreal,498,Colombia
172,Rafael Borré,498,Colombia
3788,Richard Ríos,498,Colombia
94,Santiago Arias,498,Colombia
12319,Sebastian Gomez,498,Colombia
22761,Sebastián Villa,498,Colombia
12244,Stiven Mendoza,498,Colombia
10042,Willer Ditta,498,Colombia
30097,Wílmar Barrios,498,Colombia
3921,Yerry Mina,498,Colombia
523,Yerson Mosquera,498,Colombia
1048,Yáser Asprilla,498,Colombia
10066,Álvaro Angulo,498,Colombia
16389,Álvaro Montero,498,Colombia
9092,Édier Ocampo,498,Colombia
2387,Andrej Kramarić,494,Croatia
2669,Ante Budimir,494,Croatia
3557,Dominik Kotarski,494,Croatia
1053,Dominik Livaković,494,Croatia
1758,Duje Ćaleta-Car,494,Croatia
1183,Igor Matanović,494,Croatia
3510,Ivan Perišić,494,Croatia
6182,Ivor Pandur,494,Croatia
2468,Josip Stanišić,494,Croatia
3767,Josip Šutalo,494,Croatia
846,Joško Gvardiol,494,Croatia
2407,Kristijan Jakić,494,Croatia
1993,Luka Modrić,494,Croatia
1762,Luka Sučić,494,Croatia
1591,Luka Vušković,494,Croatia
9568,Marco Pašalić,494,Croatia
1322,Marin Pongračić,494,Croatia
1309,Mario Pašalić,494,Croatia
2833,Martin Baturina,494,Croatia
3243,Martin Erlić,494,Croatia
4350,Mateo Kovačić,494,Croatia
952,Nikola Moro,494,Croatia
1844,Nikola Vlašić,494,Croatia
9331,Petar Musa,494,Croatia
1685,Petar Sučić,494,Croatia
12465,Toni Fruk,494,Croatia
22237,Ar'Jany Martha,468,Curaçao
3518,Armando Obispo,468,Curaçao
5413,Brandley Kuwas,468,Curaçao
5451,Deveron Fonville,468,Curaçao
22241,Eloy Room,468,Curaçao
22229,Gervane Kastaneer,468,Curaçao
22234,Godfried Roemeratoe,468,Curaçao
22233,Jearl Margaritha,468,Curaçao
11253,Jeremy Antonisse,468,Curaçao
5931,Joshua Brenet,468,Curaçao
6672,Juninho Bacuna,468,Curaçao
22239,Jurien Gaari,468,Curaçao
22227,Jürgen Locadia,468,Curaçao
22232,Kenji Gorré,468,Curaçao
22235,Kevin Felida,468,Curaçao
22231,Leandro Bacuna,468,Curaçao
7715,Livano Comenencia,468,Curaçao
6904,Riechedly Bazoer,468,Curaçao
22240,Roshon van Eijma,468,Curaçao
5328,Sherel Constancio Floranus,468,Curaçao
5279,Shurandy Sambo,468,Curaçao
5631,Sontje Hansen,468,Curaçao
6073,Tahith Chong,468,Curaçao
22242,Trevor Iriving Doornbusch,468,Curaçao
5431,Tyrese Noslin,468,Curaçao
5442,Tyrick Bodak,468,Curaçao
5156,Adam Hložek,930,Czechia
12264,Alexandr Sojka,930,Czechia
12264,Alexandr Sojka,930,Czechia
3236,Christophe Kabongo,930,Czechia
3705,David Douděra,930,Czechia
5843,David Jurásek,930,Czechia
3700,David Zima,930,Czechia
3231,Denis Višinský,930,Czechia
26383,Hugo Sochurek,930,Czechia
26373,Jan Kuchta,930,Czechia
26388,Jaroslav Zelený,930,Czechia
3698,Jindřich Staněk,930,Czechia
3904,Ladislav Krejčí,930,Czechia
883,Lukáš Horníček,930,Czechia
3706,Lukáš Provod,930,Czechia
3224,Lukáš Červ,930,Czechia
3502,Matěj Kovář,930,Czechia
3703,Michal Sadílek,930,Czechia
3712,Mojmír Chytil,930,Czechia
2145,Patrik Schick,930,Czechia
9159,Pavel Bucha,930,Czechia
1112,Pavel Šulc,930,Czechia
2378,Robin Hranáč,930,Czechia
3708,Tomáš Chorý,930,Czechia
3710,Tomáš Holeš,930,Czechia
3229,Tomáš Ladra,930,Czechia
1647,Tomáš Souček,930,Czechia
2377,Vladimír Coufal,930,Czechia
53970,Vladimír Darida,930,Czechia
3701,Štěpán Chaloupek,930,Czechia
4199,Alban Lafont,471,Côte d'Ivoire
1792,Amad Diallo,471,Côte d'Ivoire
3468,Ange-Yoan Bonny,471,Côte d'Ivoire
2385,Bazoumana Touré,471,Côte d'Ivoire
6614,Christ Inao Oulaï,471,Côte d'Ivoire
6639,Christopher Operi,471,Côte d'Ivoire
2094,Clement Akpa,471,Côte d'Ivoire
3527,Elye Wahi,471,Côte d'Ivoire
524,Emmanuel Agbadou,471,Côte d'Ivoire
1060,Evan Ndicka,471,Côte d'Ivoire
509,Evann Guessand,471,Côte d'Ivoire
8117,Franck Kessié,471,Côte d'Ivoire
1886,Ghislain Konan,471,Côte d'Ivoire
1702,Guéla Doué,471,Côte d'Ivoire
547,Ibrahim Sangaré,471,Côte d'Ivoire
15393,Jean Michaël Seri,471,Côte d'Ivoire
7669,Mohamed Koné,471,Côte d'Ivoire
1786,Nicolas Pépé,471,Côte d'Ivoire
1298,Odilon Kossounou,471,Côte d'Ivoire
7705,Oumar Diakité,471,Côte d'Ivoire
1228,Ousmane Diomande,471,Côte d'Ivoire
7654,Parfait Guiagon,471,Côte d'Ivoire
4130,Seko Fofana,471,Côte d'Ivoire
358,Simon Adingra,471,Côte d'Ivoire
4214,Wilfried Singo,471,Côte d'Ivoire
6738,Yahia Fofana,471,Côte d'Ivoire
2895,Yan Diomande,471,Côte d'Ivoire
8938,Aaron Tshibola,648,DR Congo
1635,Aaron Wan-Bissaka,648,DR Congo
3903,Arthur Masuaku,648,DR Congo
2375,Axel Tuanzebe,648,DR Congo
15424,Brian Cipenga,648,DR Congo
1456,Chancel Mbemba,648,DR Congo
1295,Charles Pickel,648,DR Congo
1588,Cédric Bakambu,648,DR Congo
11329,Dylan Batubinsika,648,DR Congo
6695,Edo Kayembe,648,DR Congo
14724,Fiston Mayele,648,DR Congo
12165,Gaël Kakuta,648,DR Congo
15422,Gedeon Kalulu,648,DR Congo
4161,Joris Kayembe,648,DR Congo
1442,Lionel Mpasi Nzau,648,DR Congo
7710,Matthieu Epolo,648,DR Congo
6729,Meschak Elia,648,DR Congo
15420,Nathanaël Mbuku,648,DR Congo
1453,Ngal'ayel Mukau,648,DR Congo
349,Noah Sadiki,648,DR Congo
11283,Samuel Moutoussamy,648,DR Congo
15423,Simon Banza,648,DR Congo
12599,Steve Kapuadi,648,DR Congo
15419,Théo Bongonda,648,DR Congo
15421,Timothy Fayulu,648,DR Congo
5140,Yoane Wissa,648,DR Congo
7,Alan Franco,472,Ecuador
7284,Alan Minda,472,Ecuador
7314,Anthony Valencia,472,Ecuador
3249,Denil Castillo,472,Ecuador
4754,Enner Valencia,472,Ecuador
273,Félix Torres,472,Ecuador
59,Gonzalo Plata,472,Ecuador
16890,Gonzalo Valle,472,Ecuador
16887,Hernán Galíndez,472,Ecuador
10286,Jackson Porozo,472,Ecuador
8505,Jeremy Arevalo,472,Ecuador
3536,Joel Ordóñez,472,Ecuador
16888,John Yeboah,472,Ecuador
16889,Jordy Alcivar,472,Ecuador
16891,Jordy Caicedo,472,Ecuador
1709,Kendry Páez,472,Ecuador
3755,Kevin Rodriguez,472,Ecuador
1345,Moisés Caicedo,472,Ecuador
11237,Moisés Ramírez,472,Ecuador
7347,Nilson Angulo,472,Ecuador
9854,Pedro Vite,472,Ecuador
2003,Pervis Estupiñán,472,Ecuador
445,Piero Hincapié,472,Ecuador
2245,Willian Pacho,472,Ecuador
3125,Yaimar Medina,472,Ecuador
12202,Ángelo Preciado,472,Ecuador
15374,Ahmed Fatouh,478,Egypt
15374,Ahmed Fatouh,478,Egypt
53929,Aqtay Abdallah,478,Egypt
14683,Emam Ashour,478,Egypt
1971,Haissem Hassan,478,Egypt
15354,Hamdy Fathy,478,Egypt
15835,Hamza Abdelkarim,478,Egypt
15373,Hossam Abdelmaguid,478,Egypt
15358,Ibrahim Adel,478,Egypt
14728,Karim Hafez,478,Egypt
16692,Mahdi Soliman,478,Egypt
15357,Mahmoud Saber,478,Egypt
14684,Mahmoud Trézéguet,478,Egypt
14681,Marwan Attia,478,Egypt
16690,Mohamed Abdelmonem,478,Egypt
14689,Mohamed El-Shenawy,478,Egypt
15834,Mohamed Magdy Afsha,478,Egypt
15834,Mohamed Magdy Afsha,478,Egypt
333,Mohamed Salah,478,Egypt
14721,Mohanad Lasheen,478,Egypt
14675,Mostafa Shobeir,478,Egypt
14729,Mostafa Ziko,478,Egypt
14729,Mostafa Ziko,478,Egypt
10608,Nabil Donga,478,Egypt
862,Omar Marmoush,478,Egypt
15355,Rami Rabia,478,Egypt
15785,Tarek Alaa,478,Egypt
14678,Yasser Ibrahim,478,Egypt
14682,Zizo,478,Egypt
711,Anthony Gordon,493,England
455,Bukayo Saka,493,England
701,Dan Burn,493,England
422,Dean Henderson,493,England
449,Declan Rice,493,England
735,Djed Spence,493,England
454,Eberechi Eze,493,England
548,Elliot Anderson,493,England
504,Ezri Konsa,493,England
2466,Harry Kane,493,England
8120,Ivan Toney,493,England
858,James Trafford,493,England
2149,Jarell Quansah,493,England
854,John Stones,493,England
474,Jordan Henderson,493,England
803,Jordan Pickford,493,England
592,Jude Bellingham,493,England
1802,Kobbie Mainoo,493,England
425,Marc Guéhi,493,England
750,Marcus Rashford,493,England
511,Morgan Rogers,493,England
847,Nico O'Reilly,493,England
450,Noni Madueke,493,England
512,Ollie Watkins,493,England
400,Reece James,493,England
699,Tino Livramento,493,England
1994,Adrien Rabiot,485,France
591,Aurélien Tchouaméni,485,France
2261,Bradley Barcola,485,France
2801,Brice Samba,485,France
3463,Dayot Upamecano,485,France
4324,Désiré Doué,485,France
324,Ibrahima Konaté,485,France
432,Jean Philippe Mateta,485,France
739,Jules Koundé,485,France
594,Kylian Mbappé,485,France
513,Lucas Digne,485,France
2246,Lucas Hernández,485,France
2229,Maghnes Akliouche,485,France
393,Malo Gusto,485,France
1064,Manu Koné,485,France
1688,Marcus Thuram,485,France
424,Maxence Lacroix,485,France
2467,Michael Olise,485,France
1987,Mike Maignan,485,France
8155,N'Golo Kanté,485,France
2253,Ousmane Dembélé,485,France
856,Rayan Cherki,485,France
1406,Robin Risser,485,France
7994,Theo Hernández,485,France
2243,Warren Zaïre-Emery,485,France
3460,William Saliba,485,France
2462,Aleksandar Pavlović,467,Germany
1609,Alexander Nübel,467,Germany
1622,Angelo Stiller,467,Germany
588,Antonio Rüdiger,467,Germany
2891,David Raum,467,Germany
1620,Deniz Undav,467,Germany
2160,Felix Nmecha,467,Germany
330,Florian Wirtz,467,Germany
8564,Jamal Musiala,467,Germany
1621,Jamie Leweling,467,Germany
2459,Jonathan Tah,467,Germany
2461,Joshua Kimmich,467,Germany
4941,Kai Havertz,467,Germany
2463,Lennart Karl,467,Germany
2470,Leon Goretzka,467,Germany
3732,Leroy Sané,467,Germany
700,Malick Thiaw,467,Germany
2456,Manuel Neuer,467,Germany
3915,Maximilian Beier,467,Germany
3934,Nadiem Amiri,467,Germany
1350,Nathaniel Brown,467,Germany
707,Nick Woltemade,467,Germany
2158,Nico Schlotterbeck,467,Germany
2376,Oliver Baumann,467,Germany
2173,Pascal Groß,467,Germany
2157,Waldemar Anton,467,Germany
6131,Abdul Fatawu Issahaku,495,Ghana
12045,Abdul Mumin,495,Ghana
7102,Alexander Djiku,495,Ghana
2817,Alidu Seidu,495,Ghana
792,Antoine Semenyo,495,Ghana
29207,Augustine Boakye,495,Ghana
16698,Benjamin Asare,495,Ghana
6887,Brandon Thomas-Asante,495,Ghana
16696,Caleb Yirenkyi,495,Ghana
8138,Christopher Baah,495,Ghana
3600,Derrick Luckassen,495,Ghana
4009,Elisha Owusu,495,Ghana
24027,Ernest Nuamah,495,Ghana
2095,Gideon Mensah,495,Ghana
4436,Iñaki Williams,495,Ghana
6638,Jerome Opoku,495,Ghana
3146,Jonas Adjei Adjetey,495,Ghana
6134,Jordan Ayew,495,Ghana
16699,Joseph Anang,495,Ghana
1310,Kamaldeen Sulemana,495,Ghana
1487,Kojo Peprah Oppong,495,Ghana
1984,Kwasi Sibo,495,Ghana
7215,Lawrence Ati Zigi,495,Ghana
4008,Marvin Senaya,495,Ghana
4605,Paul Reverson,495,Ghana
3225,Prince Kwabena Adu,495,Ghana
3268,Rahman Baba,495,Ghana
52801,Solomon Agbesi,495,Ghana
1784,Thomas Partey,495,Ghana
17094,Alexandre Pierre,465,Haiti
17104,Carl Fred Sainté,465,Haiti
1387,Carlens Arcus,465,Haiti
9069,Danley Jean Jacques,465,Haiti
9553,Derrick Etienne,465,Haiti
59655,Dominique Simon,465,Haiti
17100,Duckens Nazon,465,Haiti
17096,Duke Lacroix,465,Haiti
9020,Frantzdy Pierrot,465,Haiti
8568,Hannes Delcroix,465,Haiti
4809,Jean-Kévin Duverne,465,Haiti
532,Jean-Ricner Bellegarde,465,Haiti
26638,Johny Placide,465,Haiti
2103,Josué Casimir,465,Haiti
17102,Josué Duverger,465,Haiti
4152,Keeto Thermoncy,465,Haiti
3439,Lenny Joseph,465,Haiti
17097,Leverton Pierre,465,Haiti
9717,Louicius Don Deedson,465,Haiti
17099,Martin Expérience,465,Haiti
17095,Ricardo Adé,465,Haiti
17101,Ruben Providence,465,Haiti
7495,Wilguens Paugain,465,Haiti
353,Wilson Isidor,465,Haiti
17105,Woodensky Pierre,465,Haiti
17098,Yassin Fortune,465,Haiti
21423,Ali Alipour,481,Iran
16831,Ali Nemati,481,Iran
16827,Alireza Beiranvand,481,Iran
7605,Alireza Jahanbakhsh,481,Iran
7605,Alireza Jahanbakhsh,481,Iran
55326,Amirhossein Hosseinzadeh,481,Iran
53955,Amirhossein Mahmoudi,481,Iran
53955,Amirhossein Mahmoudi,481,Iran
16844,Amirmohammad Razzaghinia,481,Iran
16828,Aria Yousefi,481,Iran
59457,Danial Eiri,481,Iran
16842,Danial Esmaeilifar,481,Iran
7630,Dennis Eckert Ayensa,481,Iran
16836,Ehsan Hajsafi,481,Iran
16836,Ehsan Hajsafi,481,Iran
53957,Hadi Habibinejad,481,Iran
16840,Hossein Hosseini,481,Iran
16829,Hossein Kanaani,481,Iran
53953,Kasra Taheri,481,Iran
53954,Mahdi Torabi,481,Iran
55770,Mehdi Ghayedi,481,Iran
3487,Mehdi Taremi,481,Iran
16832,Milad Mohammadi,481,Iran
56112,Mohammad Akhbari,481,Iran
53956,Mohammad Khalife,481,Iran
16834,Mohammad Mohebi,481,Iran
16839,Omid Noorafkan,481,Iran
16841,Payam Niazmand,481,Iran
16838,Ramin Rezaeian,481,Iran
55329,Roozbeh Cheshmi,481,Iran
53951,Saeid Ezatolahi,481,Iran
16837,Saleh Hardani,481,Iran
16833,Saman Ghoddos,481,Iran
55325,Shahriar Moghanlou,481,Iran
16830,Shoja Khalilzadeh,481,Iran
54109,Ahmed Basil,933,Iraq
57036,Ahmed Hasan Maknazi,933,Iraq
9358,Ahmed Qasem,933,Iraq
53949,Ahmed Yahya,933,Iraq
50255,Aimar Sher,933,Iraq
53948,Akam Hashem,933,Iraq
7175,Ali Al-Hamadi,933,Iraq
8100,Ali Jasim,933,Iraq
55741,Ali Yousif,933,Iraq
13848,Amir Al-Ammari,933,Iraq
54107,Aymen Hussein,933,Iraq
5878,Dario Naamo,933,Iraq
53945,Fahad Talib,933,Iraq
54350,Frans Putros,933,Iraq
54113,Hasan Abdulkareem,933,Iraq
13840,Hussein Ali,933,Iraq
8316,Ibrahim Bayesh,933,Iraq
54105,Jalal Hassan,933,Iraq
59658,Karrar Nabeel,933,Iraq
54111,Kevin Yakob,933,Iraq
55742,Kumel Al Rekabe,933,Iraq
59673,Maitham Jabbar,933,Iraq
59650,Manaf Younis,933,Iraq
29732,Marko Farji,933,Iraq
3221,Merchas Doski,933,Iraq
53950,Mohanad Ali,933,Iraq
53946,Mustafa Saadoon,933,Iraq
55293,Peter Gwargis,933,Iraq
54349,Rebin Sulaka,933,Iraq
12571,Youssef Amyn,933,Iraq
30919,Yussef Nasrawe,933,Iraq
59649,Zaid Ismail,933,Iraq
53947,Zaid Tahseen,933,Iraq
4209,Zidane Iqbal,933,Iraq
367,Ao Tanaka,470,Japan
3369,Ayase Ueda,470,Japan
1431,Ayumu Seko,470,Japan
430,Daichi Kamada,470,Japan
3393,Daizen Maeda,470,Japan
2474,Hiroki Itō,470,Japan
3558,Junnosuke Suzuki,470,Japan
4564,Junya Ito,470,Japan
1196,Kaishu Sano,470,Japan
7392,Keisuke Goto,470,Japan
16971,Keito Nakamura,470,Japan
5459,Kento Shiogai,470,Japan
3770,Ko Itakura,470,Japan
5458,Koki Ogawa,470,Japan
16973,Osako Keisuke,470,Japan
1353,Ritsu Doan,470,Japan
7374,Shogo Taniguchi,470,Japan
1748,Takefusa Kubo,470,Japan
8740,Takehiro Tomiyasu,470,Japan
16972,Tomoki Hayakawa,470,Japan
3363,Tsuyoshi Watanabe,470,Japan
339,Wataru Endo,470,Japan
1180,Yuito Suzuki,470,Japan
2497,Yukinari Sugawara,470,Japan
43687,Yuto Nagatomo,470,Japan
4055,Zion Suzuki,470,Japan
16709,Abdallah Al-Fakhouri,484,Jordan
16701,Abdallah Nasib,484,Jordan
56979,Ahmad Al-Juaidi,484,Jordan
16704,Ahmad Assaf,484,Jordan
8821,Ali Al Azaizah,484,Jordan
55283,Ali Olwan,484,Jordan
16714,Amer Jamous,484,Jordan
58917,Anas Badawi,484,Jordan
55790,Ehsan Haddad,484,Jordan
55288,Husam Ali Mohammad Abudahab,484,Jordan
5716,Ibrahim Sabra,484,Jordan
16706,Ibrahim Sadeh,484,Jordan
16713,Mahmoud Al-Mardi,484,Jordan
16717,Mo Abualnadi,484,Jordan
16715,Mohammad Abu Zrayq,484,Jordan
16720,Mohammad Al Daoud,484,Jordan
16707,Mohammad Ali Hasheesh,484,Jordan
16721,Mohammad Taha,484,Jordan
16710,Mohannad Abu Taha,484,Jordan
2809,Mousa Tamari,484,Jordan
16711,Nizar Mahmoud Al-Rashdan,484,Jordan
16705,Noor Al-Deen Al Rawabdeh,484,Jordan
59396,Noureddin Bani Ateyah,484,Jordan
14727,Odeh Fakhoury,484,Jordan
55792,Rajaei Ayed,484,Jordan
56086,Saad Al Rousan,484,Jordan
16718,Saleem Obaid,484,Jordan
16702,Yazan Al-Arab,484,Jordan
16700,Yazeed Abu Laila,484,Jordan
16719,Yousef Qashi,484,Jordan
578,Alex Padilla,451,Mexico
10483,Alexei Domínguez,451,Mexico
10108,Alexis Gutiérrez,451,Mexico
10406,Alexis Vega,451,Mexico
10284,Antonio Rodríguez,451,Mexico
10171,Armando González,451,Mexico
9355,Brian Gutiérrez,451,Mexico
10164,Bryan González,451,Mexico
10000,Carlos Acevedo,451,Mexico
10021,Carlos Moreno,451,Mexico
10047,Carlos Rodríguez,451,Mexico
7775,César Huerta,451,Mexico
17092,César Montes,451,Mexico
10326,Denzell Garcia,451,Mexico
10213,Diego Lainez,451,Mexico
3411,Edson Álvarez,451,Mexico
10399,Eduardo Águila,451,Mexico
10170,Efrain Alvarez,451,Mexico
10482,Elías Montiel,451,Mexico
10109,Erick Sánchez,451,Mexico
10043,Erik Lira,451,Mexico
10084,Everardo López,451,Mexico
10192,Germán Berterame,451,Mexico
10424,Gilberto Mora,451,Mexico
10462,Guillermo Martínez,451,Mexico
17093,Guillermo Ochoa,451,Mexico
10451,Isaías Violante,451,Mexico
10107,Israel Reyes,451,Mexico
10046,Jeremy Márquez,451,Mexico
10205,Jesús Angulo,451,Mexico
10088,Jesús Gallardo,451,Mexico
10291,Jesús Gómez,451,Mexico
10093,Jesús Ricardo Angulo,451,Mexico
2591,Johan Vásquez,451,Mexico
10018,Jordan Carrillo,451,Mexico
10070,Jorge Ruvalcaba,451,Mexico
10045,Jorge Sánchez,451,Mexico
800,Julián Araujo,451,Mexico
8296,Julián Quiñones,451,Mexico
10293,Kevin Castañeda,451,Mexico
52798,Luis Chávez,451,Mexico
10152,Luis Gabriel Rey,451,Mexico
10177,Luis Olivas,451,Mexico
10087,Marcel Ruíz,451,Mexico
5481,Mateo Chávez,451,Mexico
9006,Obed Vargas,451,Mexico
11161,Orbelín Pineda,451,Mexico
10104,Ramón Juárez,451,Mexico
833,Raúl Jiménez,451,Mexico
10161,Raúl Rangel,451,Mexico
10168,Richard Ledezma,451,Mexico
10169,Roberto Alvarado,451,Mexico
4328,Santiago Giménez,451,Mexico
10183,Victor Guzmán,451,Mexico
9008,Álvaro Fidalgo,451,Mexico
1577,Abdessamad Ezzalzouli,464,Morocco
4241,Achraf Hakimi,464,Morocco
14734,Ahmed Reda Tagnaouti,464,Morocco
3506,Anass Salah-Eddine,464,Morocco
3486,Ayoub El Kaabi,464,Morocco
8503,Ayoube Amaimouni Echghouyab,464,Morocco
1451,Ayyoub Bouaddi,464,Morocco
1044,Azzedine Ounahi,464,Morocco
1619,Bilal El Khannouss,464,Morocco
7990,Bono,464,Morocco
598,Brahim Díaz,464,Morocco
8593,Chadi Riad,464,Morocco
350,Chemsdine Talbi,464,Morocco
8630,Gessime Yassine,464,Morocco
3511,Ismael Saibari,464,Morocco
4377,Issa Diop,464,Morocco
15369,Munir El Kajoui,464,Morocco
1925,Nayef Aguerd,464,Morocco
1070,Neil El Aynaoui,464,Morocco
1799,Noussair Mazraoui,464,Morocco
7757,Redouane Halhal,464,Morocco
1706,Samir El Mourabet,464,Morocco
2985,Sofyan Amrabat,464,Morocco
15371,Soufiane Rahimi,464,Morocco
14679,Youssef Belammari,464,Morocco
3122,Zakaria El Ouahdi,464,Morocco
482,Bart Verbruggen,469,Netherlands
352,Brian Brobbey,469,Netherlands
331,Cody Gakpo,469,Netherlands
4092,Crysencio Summerville,469,Netherlands
3981,Denzel Dumfries,469,Netherlands
515,Donyell Malen,469,Netherlands
3662,Frenkie de Jong,469,Netherlands
3512,Guus Til,469,Netherlands
484,Jan Paul van Hecke,469,Netherlands
401,Jorrel Hato,469,Netherlands
453,Jurriën Timber,469,Netherlands
791,Justin Kluivert,469,Netherlands
2135,Mark Flekken,469,Netherlands
1303,Marten de Roon,469,Netherlands
483,Mats Wieffer,469,Netherlands
3940,Memphis Depay,469,Netherlands
736,Micky van de Ven,469,Netherlands
857,Nathan Aké,469,Netherlands
1092,Noa Lang,469,Netherlands
3373,Quinten Timber,469,Netherlands
342,Robin Roefs,469,Netherlands
327,Ryan Gravenberch,469,Netherlands
2178,Teun Koopmeiners,469,Netherlands
850,Tijjani Reijnders,469,Netherlands
325,Virgil van Dijk,469,Netherlands
3775,Wout Weghorst,469,Netherlands
13806,Alex Paulsen,482,New Zealand
55978,Alex Rufer,482,New Zealand
33693,Ben Waine,482,New Zealand
29212,Benjamin Old,482,New Zealand
660,Callan Elliot,482,New Zealand
29409,Callum McCowatt,482,New Zealand
4472,Chris Wood,482,New Zealand
5955,Elijah Just,482,New Zealand
9220,Finn Surman,482,New Zealand
55976,Francis De Vries,482,New Zealand
55983,Jesse Randall,482,New Zealand
50286,Joe Bell,482,New Zealand
55977,Kosta Barbarouses,482,New Zealand
661,Lachlan Bayliss,482,New Zealand
6946,Liberato Cacace,482,New Zealand
6528,Marko Stamenić,482,New Zealand
28863,Matthew Garbett,482,New Zealand
6460,Max Crocombe,482,New Zealand
9105,Michael Boxall,482,New Zealand
658,Michael Woud,482,New Zealand
55981,Nando Pijnaker,482,New Zealand
5330,Ryan Thomas,482,New Zealand
55975,Sarpreet Singh,482,New Zealand
55974,Tim Payne,482,New Zealand
43059,Tommy Smith,482,New Zealand
6069,Tyler Bindon,482,New Zealand
774,Alexander Sørloth,488,Norway
2064,Andreas Schjelderup,488,Norway
2897,Antonio Nusa,488,Norway
529,David Møller Wolfe,488,Norway
6027,Egil Selvik,488,Norway
852,Erling Haaland,488,Norway
852,Erling Haaland,488,Norway
3671,Fredrik André Bjørkan,488,Norway
2056,Fredrik Aursnes,488,Norway
16898,Henrik Sælebakke Falchener,488,Norway
3681,Jens Petter Hauge,488,Norway
2159,Julian Ryerson,488,Norway
531,Jørgen Strand Larsen,488,Norway
2850,Kristian Thorstvedt,488,Norway
464,Kristoffer Ajer,488,Norway
464,Kristoffer Ajer,488,Norway
2590,Leo Østigård,488,Norway
1838,Marcus Pedersen,488,Norway
447,Martin Ødegaard,488,Norway
2595,Morten Thorsby,488,Norway
3651,Oscar Bobb,488,Norway
3673,Patrick Berg,488,Norway
829,Sander Berge,488,Norway
8733,Sander Tangvik,488,Norway
6222,Sondre Langås,488,Norway
3021,Thelo Aasgaard,488,Norway
957,Torbjørn Heggem,488,Norway
1561,Ørjan Nyland,488,Norway
1561,Ørjan Nyland,488,Norway
10068,Adalberto Carrasquilla,496,Panama
54040,Alberto Quintero,496,Panama
4082,Amir Murillo,496,Panama
16746,Andrés Andrade,496,Panama
9054,Aníbal Godoy,496,Panama
21220,Azarias Londoño,496,Panama
9102,Carlos Harvey,496,Panama
16744,Cecilio Waterman,496,Panama
16741,Cristian Martínez,496,Panama
12373,César Blackman,496,Panama
16747,César Samudio,496,Panama
16743,César Yanis,496,Panama
54042,Edgardo Fariña,496,Panama
54039,Fidel Escobar,496,Panama
10127,Ismael Díaz,496,Panama
16748,Jiovany Ramos,496,Panama
16615,Jorge Gutiérrez,496,Panama
6393,José Córdoba,496,Panama
16745,José Fajardo,496,Panama
10334,José Luis Rodríguez,496,Panama
16739,Luis Mejía,496,Panama
8050,Orlando Mosquera,496,Panama
16740,Roderick Miller,496,Panama
54044,Tomás Rodríguez,496,Panama
10252,Yoel Bárcenas,496,Panama
16742,Éric Davis,496,Panama
240,Adam Bareiro,458,Paraguay
19361,Adrián Alcaraz,458,Paraguay
23755,Agustín Sández,458,Paraguay
178,Alan Benítez,458,Paraguay
2032,Alan Núñez,458,Paraguay
59662,Alcides Benítez,458,Paraguay
54884,Alejandro Romero,458,Paraguay
16914,Alex Arce,458,Paraguay
16913,Alexandro Maidana,458,Paraguay
9106,Andrés Cubas,458,Paraguay
983,Antonio Sanabria,458,Paraguay
22147,Blás Riveros,458,Paraguay
9383,Braian Ojeda,458,Paraguay
9622,Carlos Coronel,458,Paraguay
23779,Carlos González,458,Paraguay
143,Damián Bobadilla,458,Paraguay
10312,Diego González,458,Paraguay
488,Diego Gómez,458,Paraguay
4551,Diego León,458,Paraguay
5648,Enso González,458,Paraguay
4893,Fabián Balbuena,458,Paraguay
16919,Gabriel Ávalos,458,Paraguay
16910,Gastón Olveira,458,Paraguay
225,Gustavo Caballero,458,Paraguay
26,Gustavo Gómez,458,Paraguay
16915,Gustavo Velázquez,458,Paraguay
4029,Hugo Cuenca,458,Paraguay
286,Isidro Pitta,458,Paraguay
16912,José Canale,458,Paraguay
16918,Juan Cáceres,458,Paraguay
21940,Juan Espínola,458,Paraguay
1710,Julio Enciso,458,Paraguay
4,Junior Alonso,458,Paraguay
23825,Lorenzo Melgarejo,458,Paraguay
16911,Lucas Romero,458,Paraguay
3947,Mateo Gamarra,458,Paraguay
4939,Mathias Villasanti,458,Paraguay
13574,Matías Galarza,458,Paraguay
42,Mauricio,458,Paraguay
9678,Miguel Almirón,458,Paraguay
345,Omar Alderete,458,Paraguay
16917,Orlando Gill,458,Paraguay
22137,Piris da Motta,458,Paraguay
37,Ramón Sosa,458,Paraguay
10096,Robert Morales,458,Paraguay
16916,Roberto Fernández,458,Paraguay
22719,Rodney Redes,458,Paraguay
22114,Ronaldo De Jesus,458,Paraguay
54883,Ronaldo Martinez,458,Paraguay
3874,Rubén Lezcano,458,Paraguay
19100,Santiago Rojas,458,Paraguay
56078,Saúl Salcedo,458,Paraguay
23820,Álvaro Campuzano,458,Paraguay
265,Ángel Romero,458,Paraguay
183,Óscar Romero,458,Paraguay
848,Bernardo Silva,491,Portugal
1794,Bruno Fernandes,491,Portugal
7880,Cristiano Ronaldo,491,Portugal
996,Diogo Costa,491,Portugal
1795,Diogo Dalot,491,Portugal
2183,Francisco Conceição,491,Portugal
1219,Francisco Trincão,491,Portugal
1750,Gonçalo Guedes,491,Portugal
1214,Gonçalo Inácio,491,Portugal
2256,Gonçalo Ramos,491,Portugal
538,José Sá,491,Portugal
8331,João Cancelo,491,Portugal
7881,João Félix,491,Portugal
2247,João Neves,491,Portugal
844,Matheus Nunes,491,Portugal
3470,Nuno Mendes,491,Portugal
3407,Nélson Semedo,491,Portugal
394,Pedro Neto,491,Portugal
1997,Rafael Leão,491,Portugal
1781,Renato Veiga,491,Portugal
1211,Rui Silva,491,Portugal
845,Rúben Dias,491,Portugal
7995,Rúben Neves,491,Portugal
2642,Samú Costa,491,Portugal
2067,Tomás Araújo,491,Portugal
2248,Vitinha,491,Portugal
186,Abdulaziz Hatem,461,Qatar
53927,Ahmed Al-Ganehi,461,Qatar
53917,Ahmed Alaaeldin,461,Qatar
53913,Akram Afif,461,Qatar
59395,Alhashmi Mohialdin,461,Qatar
53915,Almoez Ali,461,Qatar
53918,Assim Madibo,461,Qatar
53905,Ayoub Al Oui,461,Qatar
55391,Bassam Al Rawi,461,Qatar
53907,Boualem Khoukhi,461,Qatar
53911,Edmilson Junior,461,Qatar
59674,Fahad Younis,461,Qatar
53923,Hassan Al Haydos,461,Qatar
35888,Homam Al-Amin,461,Qatar
53910,Issa Laye,461,Qatar
53908,Jassem Gaber Abdulsallam,461,Qatar
53916,Karim Boudiaf,461,Qatar
53919,Lucas Mendes,461,Qatar
53904,Mahmud Abunad,461,Qatar
54366,Meshaal Barsham,461,Qatar
53914,Mohamed Naceur Almanai,461,Qatar
53928,Mohammed Muntari,461,Qatar
54842,Mohammed Waad,461,Qatar
54842,Mohammed Waad,461,Qatar
59663,Niall Mason,461,Qatar
53906,Pedro Miguel,461,Qatar
53921,Rayyan Ahmed Al-Ali,461,Qatar
53921,Rayyan Ahmed Al-Ali,461,Qatar
53924,Salah Zakaria,461,Qatar
57901,Saoud Mubarak,461,Qatar
54363,Sebastian Soria,461,Qatar
54365,Shehab Ellethy,461,Qatar
53925,Sultan Al-Brake,461,Qatar
53922,Tahsin Mohammed Jamshid,461,Qatar
54364,Tarek Salman,461,Qatar
53912,Yusuf Abdurisag,461,Qatar
7886,Abdulelah Al-Amri,479,Saudi Arabia
7883,Abdullah Al-Khaibari,479,Saudi Arabia
8141,Abdullah Al-Salem,479,Saudi Arabia
8301,Abdullah Jaman,479,Saudi Arabia
7925,Abdulquddus Atiah,479,Saudi Arabia
8384,Ahmed Al-Kassar,479,Saudi Arabia
8308,Ala'a Al-Hejji,479,Saudi Arabia
8288,Ali Lajami,479,Saudi Arabia
7875,Ayman Yahya,479,Saudi Arabia
8122,Firas Al-Buraikan,479,Saudi Arabia
8253,Hassan Altambakti,479,Saudi Arabia
8931,Hassan Murtadh Al-Musallam,479,Saudi Arabia
8146,Jehad Thakri,479,Saudi Arabia
8049,Khalid Al-Ghannam,479,Saudi Arabia
7998,Mohamed Kanno,479,Saudi Arabia
8131,Mohammed Abu Al-Shamat,479,Saudi Arabia
23941,Mohammed Al Dawsari,479,Saudi Arabia
17201,Mohammed Al-Owais,479,Saudi Arabia
8252,Moteb Al-Harbi,479,Saudi Arabia
8139,Musab Al Juwayr,479,Saudi Arabia
7991,Nasser Al-Dawsari,479,Saudi Arabia
7871,Nawaf Al-Aqidi,479,Saudi Arabia
7882,Nawaf Boushal,479,Saudi Arabia
8128,Saleh Abu Al-Shamat,479,Saudi Arabia
8169,Saleh Al-Shehri,479,Saudi Arabia
7999,Salem Al-Dawsari,479,Saudi Arabia
1418,Saud Abdulhamid,479,Saudi Arabia
21629,Sultan Ahmed Mandash,479,Saudi Arabia
8125,Zakaria Hawsawi,479,Saudi Arabia
8118,Ziyad Aljohani,479,Saudi Arabia
2373,Aaron Hickey,466,Scotland
326,Andy Robertson,466,Scotland
4789,Angus Gunn,466,Scotland
4027,Ben Gannon-Doak,466,Scotland
4298,Billy Gilmour,466,Scotland
1843,Che Adams,466,Scotland
5780,Craig Gordon,466,Scotland
6543,Dominic Hyam,466,Scotland
3029,Findlay Curtis,466,Scotland
6153,George Hirst,466,Scotland
5890,Grant Hanley,466,Scotland
8032,Jack Hendry,466,Scotland
510,John McGinn,466,Scotland
4153,John Souttar,466,Scotland
6386,Kenny McLean,466,Scotland
3387,Kieran Tierney,466,Scotland
5774,Lawrence Shankland,466,Scotland
966,Lewis Ferguson,466,Scotland
3026,Liam Kelly,466,Scotland
6100,Lyndon Dykes,466,Scotland
818,Nathan Patterson,466,Scotland
7003,Ross Stewart,466,Scotland
3900,Ryan Christie,466,Scotland
3340,Scott McKenna,466,Scotland
1088,Scott McTominay,466,Scotland
3398,Tony Ralston,466,Scotland
8374,Tyler Fletcher,466,Scotland
15372,Abdoulaye Seck,486,Senegal
1479,Ahmadou Bamba Dieng,486,Senegal
1486,Antoine Mendy,486,Senegal
4105,Assane Diao,486,Senegal
23922,Bara Sapoko Ndiaye,486,Senegal
6633,Cherif Ndiaye,486,Senegal
8110,Edouard Mendy,486,Senegal
1638,El Hadji Malick Diouf,486,Senegal
4743,Habib Diarra,486,Senegal
2255,Ibrahim Mbaye,486,Senegal
3800,Idrissa Gana Gueye,486,Senegal
7692,Ilay Camara,486,Senegal
810,Iliman Ndiaye,486,Senegal
3728,Ismail Jakobs,486,Senegal
1787,Ismaïla Sarr,486,Senegal
7992,Kalidou Koulibaly,486,Senegal
2233,Krépin Diatta,486,Senegal
2228,Lamine Camara,486,Senegal
1704,Mamadou Sarr,486,Senegal
1426,Mory Diaw,486,Senegal
1106,Moussa Niakhaté,486,Senegal
2073,Moustapha Mbow,486,Senegal
2471,Nicolas Jackson,486,Senegal
1771,Pape Gueye,486,Senegal
724,Pape Matar Sarr,486,Senegal
3864,Pathé Ismaël Ciss,486,Senegal
7879,Sadio Mané,486,Senegal
1485,Yehvann Diouf,486,Senegal
14397,Aubrey Modiba,452,South Africa
53934,Bradley Cross,452,South Africa
59664,Brandon Petersen,452,South Africa
59664,Brandon Petersen,452,South Africa
59665,Brooklyn Poggenpoel,452,South Africa
15470,Evidence Makgopa,452,South Africa
16737,Ime Okon,452,South Africa
14402,Iqraam Rayners,452,South Africa
14398,Jayden Adams,452,South Africa
24227,Kamogelo Sebelebele,452,South Africa
14394,Khuliso Mudau,452,South Africa
14395,Khulumani Ndamane,452,South Africa
59666,Lebohang Maboe,452,South Africa
412,Lyle Foster,452,South Africa
12123,Mbekezeli Mbokazi,452,South Africa
15465,Nkosinathi Sibisi,452,South Africa
9060,Olwethu Makhanya,452,South Africa
15468,Oswin Appollis,452,South Africa
24226,Patrick Maswanganyi,452,South Africa
15469,Relebohile Mofokeng,452,South Africa
15473,Ricardo Goss,452,South Africa
14393,Ronwen Williams,452,South Africa
15467,Samukelo Kabini,452,South Africa
1909,Siphephelo Sithole,452,South Africa
15474,Sipho Chaine,452,South Africa
14399,Teboho Mokoena,452,South Africa
54907,Thabiso James Monyane,452,South Africa
15476,Thalente Mbatha,452,South Africa
15830,Thapelo Maseko,452,South Africa
15166,Thapelo Morena,452,South Africa
14410,Themba Zwane,452,South Africa
15475,Tholo Thabang Matuludi,452,South Africa
15472,Tshepang Moremi,452,South Africa
45041,Dong-gyeong Lee,453,South Korea
43953,Gi-Hyuk Lee,453,South Korea
3263,Gue-sung Cho,453,South Korea
3259,Han-Beom Lee,453,South Korea
533,Hwang Hee-chan,453,South Korea
4397,Hwang In-beom,453,South Korea
3131,Hyeon-gyu Oh,453,South Korea
1197,Jae-sung Lee,453,South Korea
2872,Jens Castrop,453,South Korea
6533,Ji-sung Eom,453,South Korea
17043,Jin-gyu Kim,453,South Korea
17044,Jin-seob Park,453,South Korea
17039,Jo Hyeonwoo,453,South Korea
6054,Jun-Ho Bae,453,South Korea
2250,Kang-in Lee,453,South Korea
2458,Kim Min-jae,453,South Korea
17042,Kim Moon-hwan,453,South Korea
17046,Kim Seung-gyu,453,South Korea
17041,Kim Tae-hyeon,453,South Korea
17047,Lee Tae-seok,453,South Korea
6092,Seung Ho Paik,453,South Korea
9190,Son Heung-min,453,South Korea
17045,Song Bum-keun,453,South Korea
44369,Wi-je Cho,453,South Korea
3392,Yang Hyun-Jun,453,South Korea
3056,Young-woo Seol,453,South Korea
17040,Yu-min Cho,453,South Korea
2142,Alejandro Grimaldo,475,Spain
769,Alex Baena,475,Spain
565,Aymeric Laporte,475,Spain
1260,Borja Iglesias,475,Spain
746,Dani Olmo,475,Spain
442,David Raya,475,Spain
743,Eric García,475,Spain
2249,Fabián Ruiz,475,Spain
749,Ferran Torres,475,Spain
738,Joan García,475,Spain
745,Lamine Yamal,475,Spain
386,Marc Cucurella,475,Spain
778,Marc Pubill,475,Spain
3832,Marcos Llorente,475,Spain
448,Martín Zubimendi,475,Spain
451,Mikel Merino,475,Spain
3890,Mikel Oyarzabal,475,Spain
571,Nico Williams,475,Spain
4900,Pablo Gavi,475,Spain
740,Pau Cubarsí,475,Spain
744,Pedri,475,Spain
719,Pedro Porro,475,Spain
4267,Rodri,475,Spain
562,Unai Simón,475,Spain
2668,Victor Muñoz,475,Spain
431,Yéremy Pino,475,Spain
28070,Alexander Bernhardsson,731,Sweden
332,Alexander Isak,731,Sweden
710,Anthony Elanga,731,Sweden
3394,Benjamin Nygren,731,Sweden
8600,Besfort Zeneli,731,Sweden
1253,Carl Starfelt,731,Sweden
2162,Daniel Svensson,731,Sweden
16077,Elliot Stroud,731,Sweden
960,Emil Holm,731,Sweden
2479,Eric Smith,731,Sweden
370,Gabriel Gudmundsson,731,Sweden
884,Gustaf Lagerbielke,731,Sweden
3556,Gustaf Nilsson,731,Sweden
12135,Herman Johansson,731,Sweden
404,Hjalmar Ekdal,731,Sweden
1299,Isak Hien,731,Sweden
6221,Jacob Widell Zetterström,731,Sweden
2568,Jesper Karlström,731,Sweden
4232,Ken Sema,731,Sweden
15999,Kristoffer Nordfeldt,731,Sweden
726,Lucas Bergvall,731,Sweden
1377,Mattias Svanberg,731,Sweden
4400,Taha Abdi Ali,731,Sweden
519,Victor Lindelöf,731,Sweden
456,Viktor Gyökeres,731,Sweden
6046,Viktor Johansson,731,Sweden
1632,Yasin Ayari,731,Sweden
2005,Ardon Jashari,462,Switzerland
1362,Aurèle Amenda,462,Switzerland
2811,Breel Embolo,462,Switzerland
3204,Christian Fassnacht,462,Switzerland
27743,Cédric Itten,462,Switzerland
551,Dan Ndoye,462,Switzerland
3616,Denis Zakaria,462,Switzerland
1550,Djibril Sow,462,Switzerland
942,Eray Cömert,462,Switzerland
2404,Fabian Rieder,462,Switzerland
348,Granit Xhaka,462,Switzerland
2155,Gregor Kobel,462,Switzerland
1178,Johan Manzambi,462,Switzerland
3119,Luca Jaquez,462,Switzerland
1679,Manuel Akanji,462,Switzerland
3195,Marvin Keller,462,Switzerland
1660,Michel Aebischer,462,Switzerland
1596,Miro Muheim,462,Switzerland
2869,Nico Elvedi,462,Switzerland
374,Noah Okafor,462,Switzerland
4266,Remo Freuler,462,Switzerland
1582,Ricardo Rodríguez,462,Switzerland
3803,Rubén Vargas,462,Switzerland
1208,Silvan Widmer,462,Switzerland
1465,Yvon Mvogo,462,Switzerland
22868,Zeki Amdouni,462,Switzerland
17110,Abdelmouhib Chamakh,474,Tunisia
6743,Adem Arous,474,Tunisia
1498,Ali Abdi,474,Tunisia
14699,Amine Ben Hmida,474,Tunisia
6399,Anis Ben Slimane,474,Tunisia
15490,Aymen Dahmen,474,Tunisia
7603,Dylan Bronn,474,Tunisia
4243,Elias Achouri,474,Tunisia
2415,Elias Saad,474,Tunisia
1352,Ellyes Skhiri,474,Tunisia
15493,Firas Chaouat,474,Tunisia
415,Hannibal Mejbri,474,Tunisia
15492,Hazem Mastouri,474,Tunisia
3913,Ismael Gharbi,474,Tunisia
17108,Khalil Ayari,474,Tunisia
7592,Mohamed Belhadj Mahmoud,474,Tunisia
1467,Montassar Talbi,474,Tunisia
6745,Mortadha Ben Ouanes,474,Tunisia
15792,Moutaz Neffati,474,Tunisia
17112,Omar Rekik,474,Tunisia
17111,Raed Chikhaoui,474,Tunisia
2421,Rani Khedira,474,Tunisia
9139,Rayan Elloumi,474,Tunisia
17106,Sabri Ben Hessen,474,Tunisia
3396,Sebastian Tounekti,474,Tunisia
6781,Yan Valery,474,Tunisia
3727,Abdülkerim Bardakcı,932,Türkiye
5473,Ahmetcan Kaplan,932,Türkiye
1803,Altay Bayındır,932,Türkiye
3256,Aral Şimşir,932,Türkiye
597,Arda Güler,932,Türkiye
1627,Atakan Karazor,932,Türkiye
3734,Barış Alper Yılmaz,932,Türkiye
4308,Can Uzun,932,Türkiye
5834,Demir Ege Tıknaz,932,Türkiye
3449,Deniz Gül,932,Türkiye
4217,Eren Elmalı,932,Türkiye
5828,Ersin Destanoğlu,932,Türkiye
486,Ferdi Kadıoğlu,932,Türkiye
1684,Hakan Çalhanoğlu,932,Türkiye
4577,İrfan Can Kahveci,932,Türkiye
4172,İsmail Yüksek,932,Türkiye
4218,Kaan Ayhan,932,Türkiye
2184,Kenan Yıldız,932,Türkiye
3415,Kerem Aktürkoğlu,932,Türkiye
8112,Merih Demiral,932,Türkiye
5842,Mert Günok,932,Türkiye
3420,Mert Müldür,932,Türkiye
6635,Muhammed Şengezer,932,Türkiye
6613,Mustafa Eskihellaç,932,Türkiye
5835,Orkun Kökçü,932,Türkiye
2389,Ozan Kabak,932,Türkiye
3412,Oğuz Aydın,932,Türkiye
3916,Salih Özcan,932,Türkiye
5850,Samet Akaydın,932,Türkiye
3724,Uğurcan Çakır,932,Türkiye
4435,Yunus Akgün,932,Türkiye
7135,Yusuf Akçiçek,932,Türkiye
6901,Yusuf Sarı,932,Türkiye
1062,Zeki Çelik,932,Türkiye
4174,Çağlar Söyüncü,932,Türkiye
2908,Agustín Canobbio,480,Uruguay
10110,Brian Rodríguez,480,Uruguay
8000,Darwin Núñez,480,Uruguay
29,Emiliano Martínez,480,Uruguay
8722,Facundo Pellistri,480,Uruguay
593,Federico Valverde,480,Uruguay
1973,Federico Viñas,480,Uruguay
16896,Fernando Muslera,480,Uruguay
55,Giorgian de Arrascaeta,480,Uruguay
48,Guillermo Varela,480,Uruguay
28,Joaquín Piquerez,480,Uruguay
762,José María Giménez,480,Uruguay
10229,Juan Sanabria,480,Uruguay
1806,Manuel Ugarte,480,Uruguay
1089,Mathías Olivera,480,Uruguay
3968,Matías Viña,480,Uruguay
1215,Maximiliano Araújo,480,Uruguay
61,Nicolás de la Cruz,480,Uruguay
10112,Rodrigo Aguirre,480,Uruguay
723,Rodrigo Bentancur,480,Uruguay
3030,Rodrigo Zalazar,480,Uruguay
3661,Ronald Araújo,480,Uruguay
540,Santiago Bueno,480,Uruguay
10182,Santiago Mele,480,Uruguay
10103,Sebastián Cáceres,480,Uruguay
161,Sergio Rochet,480,Uruguay
10111,Alex Zendejas,457,USA
8860,Alexander Freeman,457,USA
4559,Antonee Robinson,457,USA
3385,Auston Trusty,457,USA
380,Brenden Aaronson,457,USA
9374,Chris Brady,457,USA
423,Chris Richards,457,USA
3820,Christian Pulišić,457,USA
3820,Christian Pulišić,457,USA
9250,Cristian Roldán,457,USA
2232,Folarin Balogun,457,USA
2878,Giovanni Reyna,457,USA
6430,Haji Wright,457,USA
2868,Joe Scally,457,USA
2143,Malik Tillman,457,USA
1943,Mark McKenzie,457,USA
9514,Matt Turner,457,USA
9116,Matthew Freese,457,USA
9209,Maximilian Arfsten,457,USA
9151,Miles Robinson,457,USA
3513,Ricardo Pepi,457,USA
9104,Sebastian Berhalter,457,USA
3503,Sergiño Dest,457,USA
9229,Tim Ream,457,USA
9229,Tim Ream,457,USA
1923,Tim Weah,457,USA
788,Tyler Adams,457,USA
2179,Weston McKennie,457,USA
6642,Abbosbek Fayzullaev,497,Uzbekistan
860,Abdukodir Khusanov,497,Uzbekistan
55385,Abdulla Abdullaev,497,Uzbekistan
55384,Abduvokhid Nematov,497,Uzbekistan
55375,Akmal Mozgovoy,497,Uzbekistan
59667,Alisher Odilov,497,Uzbekistan
59375,Avazbek Ulmasaliyev,497,Uzbekistan
56128,Azizbek Amanov,497,Uzbekistan
58271,Azizjon Ganiev,497,Uzbekistan
59413,Bekhruz Karimov,497,Uzbekistan
55383,Botirali Ergashev,497,Uzbekistan
59668,Diyor Ortikboev,497,Uzbekistan
59376,Dostonbek Khamdamov,497,Uzbekistan
6643,Eldor Shomurodov,497,Uzbekistan
55388,Farrukh Sayfiev,497,Uzbekistan
55773,Ibrokhimkhalil Yuldoshev,497,Uzbekistan
55382,Igor Sergeev,497,Uzbekistan
59373,Jakhongir Urozov,497,Uzbekistan
55377,Jaloliddin Masharipov,497,Uzbekistan
55378,Jamshid Iskandarov,497,Uzbekistan
59377,Jasurbek Jaloliddinov,497,Uzbekistan
55372,Khozhiakbar Alizhonov,497,Uzbekistan
1060,Khusayin Norchaev,497,Uzbekistan
59669,Kuvondik Ruziev,497,Uzbekistan
56286,Mukhammadkodir Khamraliev,497,Uzbekistan
59675,Mukhammadrasul Abdumazhidov,497,Uzbekistan
59670,Nodirbek Abdurazzokov,497,Uzbekistan
55374,Odiljon Khamrobekov,497,Uzbekistan
55630,Oston Urunov,497,Uzbekistan
55629,Otabek Shukurov,497,Uzbekistan
55389,Ruslanbek Jiyanov,497,Uzbekistan
55387,Rustam Ashurmatov,497,Uzbekistan
59671,Sardorbek Bakhromov,497,Uzbekistan
59374,Sherzod Esanov,497,Uzbekistan
59374,Sherzod Esanov,497,Uzbekistan
55373,Sherzod Nasrullaev,497,Uzbekistan
13028,Umarali Rakhmonaliev,497,Uzbekistan
55386,Umarbek Eshmuradov,497,Uzbekistan
55371,Utkir Yusupov,497,Uzbekistan
59672,Vladimir Nazarov,497,Uzbekistan
