event_id,event_date,status,home_team_id,home_team,away_team_id,away_team,home_score,away_score,round_number,venue_id,exported_at
8390,2026-07-19T19:00:00+00:00,notstarted,561,W101,562,W102,,,29,1182,2026-06-07T16:02:52Z
8389,2026-07-18T21:00:00+00:00,notstarted,559,L101,560,L102,,,50,1186,2026-06-07T16:02:52Z
8388,2026-07-15T19:00:00+00:00,notstarted,557,W99,558,W100,,,28,265,2026-06-07T16:02:52Z
8387,2026-07-14T19:00:00+00:00,notstarted,555,W97,556,W98,,,28,1184,2026-06-07T16:02:52Z
8386,2026-07-12T01:00:00+00:00,notstarted,553,W95,554,W96,,,27,1187,2026-06-07T16:02:52Z
8385,2026-07-11T21:00:00+00:00,notstarted,551,W91,552,W92,,,27,1186,2026-06-07T16:02:52Z
8384,2026-07-10T19:00:00+00:00,notstarted,549,W93,550,W94,,,27,1180,2026-06-07T16:02:52Z
8383,2026-07-09T20:00:00+00:00,notstarted,547,W89,548,W90,,,27,273,2026-06-07T16:02:52Z
8382,2026-07-07T20:00:00+00:00,notstarted,545,W85,546,W87,,,5,266,2026-06-07T16:02:52Z
8381,2026-07-07T16:00:00+00:00,notstarted,543,W86,544,W88,,,5,265,2026-06-07T16:02:52Z
8380,2026-07-07T00:00:00+00:00,notstarted,541,W81,542,W82,,,5,290,2026-06-07T16:02:52Z
8379,2026-07-06T19:00:00+00:00,notstarted,539,W83,540,W84,,,5,1184,2026-06-07T16:02:52Z
8378,2026-07-06T00:00:00+00:00,notstarted,537,W79,538,W80,,,5,295,2026-06-07T16:02:52Z
8377,2026-07-05T20:00:00+00:00,notstarted,535,W76,536,W78,,,5,1182,2026-06-07T16:02:52Z
8376,2026-07-04T21:00:00+00:00,notstarted,533,W74,534,W77,,,5,1185,2026-06-07T16:02:52Z
8375,2026-07-04T17:00:00+00:00,notstarted,531,W73,532,W75,,,5,1183,2026-06-07T16:02:52Z
8374,2026-07-04T01:30:00+00:00,notstarted,529,1K,530,3D/3E/3I/3J/3L,,,6,1187,2026-06-07T16:02:52Z
8373,2026-07-03T22:00:00+00:00,notstarted,527,1J,528,H2,,,6,1186,2026-06-07T16:02:52Z
8372,2026-07-03T18:00:00+00:00,notstarted,525,2D,526,G2,,,6,1184,2026-06-07T16:02:52Z
8371,2026-07-03T03:00:00+00:00,notstarted,523,1B,524,3E/3F/3G/3I/3J,,,6,266,2026-06-07T16:02:52Z
8370,2026-07-02T23:00:00+00:00,notstarted,521,2K,522,2L,,,6,275,2026-06-07T16:02:52Z
8369,2026-07-02T19:00:00+00:00,notstarted,519,H1,520,2J,,,6,1180,2026-06-07T16:02:52Z
8368,2026-07-02T00:00:00+00:00,notstarted,517,1D,518,3B/3E/3F/3I/3J,,,6,1181,2026-06-07T16:02:52Z
8367,2026-07-01T20:00:00+00:00,notstarted,515,G1,516,3A/3E/3H/3I/3J,,,6,290,2026-06-07T16:02:52Z
8366,2026-07-01T16:00:00+00:00,notstarted,513,1L,514,3E/3H/3I/3J/3K,,,6,265,2026-06-07T16:02:52Z
8365,2026-07-01T01:00:00+00:00,notstarted,511,1A,512,3C/3E/3F/3H/3I,,,6,295,2026-06-07T16:02:52Z
8364,2026-06-30T21:00:00+00:00,notstarted,509,1I,510,3C/3D/3F/3G/3H,,,6,1182,2026-06-07T16:02:52Z
8363,2026-06-30T17:00:00+00:00,notstarted,507,2E,508,2I,,,6,1184,2026-06-07T16:02:52Z
8362,2026-06-30T01:00:00+00:00,notstarted,505,1F,506,2C,,,6,304,2026-06-07T16:02:52Z
8361,2026-06-29T20:30:00+00:00,notstarted,503,1E,504,3A/3B/3C/3D/3F,,,6,273,2026-06-07T16:02:52Z
8360,2026-06-29T17:00:00+00:00,notstarted,501,1C,502,2F,,,6,1183,2026-06-07T16:02:52Z
8359,2026-06-28T19:00:00+00:00,notstarted,499,2A,500,2B,,,6,1180,2026-06-07T16:02:52Z
8357,2026-06-28T02:00:00+00:00,notstarted,490,Algeria,483,Austria,,,3,1187,2026-06-07T16:02:52Z
8358,2026-06-28T02:00:00+00:00,notstarted,484,Jordan,489,Argentina,,,3,1184,2026-06-07T16:02:52Z
8355,2026-06-27T23:30:00+00:00,notstarted,498,Colombia,491,Portugal,,,3,1186,2026-06-07T16:02:52Z
8356,2026-06-27T23:30:00+00:00,notstarted,648,DR Congo,497,Uzbekistan,,,3,265,2026-06-07T16:02:52Z
8353,2026-06-27T21:00:00+00:00,notstarted,494,Croatia,495,Ghana,,,3,1185,2026-06-07T16:02:52Z
8354,2026-06-27T21:00:00+00:00,notstarted,496,Panama,493,England,,,3,1182,2026-06-07T16:02:52Z
8352,2026-06-27T03:00:00+00:00,notstarted,482,New Zealand,477,Belgium,,,3,266,2026-06-07T16:02:52Z
8351,2026-06-27T03:00:00+00:00,notstarted,478,Egypt,481,Iran,,,3,290,2026-06-07T16:02:52Z
8350,2026-06-27T00:00:00+00:00,notstarted,480,Uruguay,475,Spain,,,3,307,2026-06-07T16:02:52Z
8349,2026-06-27T00:00:00+00:00,notstarted,476,Cabo Verde,479,Saudi Arabia,,,3,1183,2026-06-07T16:02:52Z
8348,2026-06-26T19:00:00+00:00,notstarted,486,Senegal,933,Iraq,,,3,275,2026-06-07T16:02:52Z
8347,2026-06-26T19:00:00+00:00,notstarted,488,Norway,485,France,,,3,273,2026-06-07T16:02:52Z
8346,2026-06-26T02:00:00+00:00,notstarted,932,Türkiye,457,USA,,,3,1180,2026-06-07T16:02:52Z
8345,2026-06-26T02:00:00+00:00,notstarted,458,Paraguay,459,Australia,,,3,1181,2026-06-07T16:02:52Z
8343,2026-06-25T23:00:00+00:00,notstarted,470,Japan,731,Sweden,,,3,1184,2026-06-07T16:02:52Z
8344,2026-06-25T23:00:00+00:00,notstarted,474,Tunisia,469,Netherlands,,,3,1187,2026-06-07T16:02:52Z
8342,2026-06-25T20:00:00+00:00,notstarted,472,Ecuador,467,Germany,,,3,1182,2026-06-07T16:02:52Z
8341,2026-06-25T20:00:00+00:00,notstarted,468,Curaçao,471,Côte d'Ivoire,,,3,1185,2026-06-07T16:02:52Z
8340,2026-06-25T01:00:00+00:00,notstarted,930,Czechia,451,Mexico,,,3,295,2026-06-07T16:02:52Z
8339,2026-06-25T01:00:00+00:00,notstarted,452,South Africa,453,South Korea,,,3,304,2026-06-07T16:02:52Z
8338,2026-06-24T22:00:00+00:00,notstarted,466,Scotland,463,Brazil,,,3,1186,2026-06-07T16:02:52Z
8337,2026-06-24T22:00:00+00:00,notstarted,464,Morocco,465,Haiti,,,3,265,2026-06-07T16:02:52Z
8335,2026-06-24T19:00:00+00:00,notstarted,462,Switzerland,455,Canada,,,3,266,2026-06-07T16:02:52Z
8336,2026-06-24T19:00:00+00:00,notstarted,931,Bosnia & Herzegovina,461,Qatar,,,3,290,2026-06-07T16:02:52Z
8334,2026-06-24T02:00:00+00:00,notstarted,498,Colombia,648,DR Congo,,,2,307,2026-06-07T16:02:52Z
8333,2026-06-23T23:00:00+00:00,notstarted,496,Panama,494,Croatia,,,2,275,2026-06-07T16:02:52Z
8332,2026-06-23T20:00:00+00:00,notstarted,493,England,495,Ghana,,,2,273,2026-06-07T16:02:52Z
8331,2026-06-23T17:00:00+00:00,notstarted,491,Portugal,497,Uzbekistan,,,2,1183,2026-06-07T16:02:52Z
8330,2026-06-23T03:00:00+00:00,notstarted,484,Jordan,490,Algeria,,,2,1181,2026-06-07T16:02:52Z
8329,2026-06-23T00:00:00+00:00,notstarted,488,Norway,486,Senegal,,,2,1182,2026-06-07T16:02:52Z
8328,2026-06-22T21:00:00+00:00,notstarted,485,France,933,Iraq,,,2,1185,2026-06-07T16:02:52Z
8327,2026-06-22T17:00:00+00:00,notstarted,489,Argentina,483,Austria,,,2,1184,2026-06-07T16:02:52Z
8326,2026-06-22T01:00:00+00:00,notstarted,482,New Zealand,478,Egypt,,,2,266,2026-06-07T16:02:52Z
8325,2026-06-21T22:00:00+00:00,notstarted,480,Uruguay,476,Cabo Verde,,,2,1186,2026-06-07T16:02:52Z
8324,2026-06-21T19:00:00+00:00,notstarted,477,Belgium,481,Iran,,,2,1180,2026-06-07T16:02:52Z
8323,2026-06-21T16:00:00+00:00,notstarted,475,Spain,479,Saudi Arabia,,,2,265,2026-06-07T16:02:52Z
8319,2026-06-21T04:00:00+00:00,notstarted,474,Tunisia,470,Japan,,,2,304,2026-06-07T16:02:52Z
8322,2026-06-21T00:00:00+00:00,notstarted,472,Ecuador,468,Curaçao,,,2,1187,2026-06-07T16:02:52Z
8321,2026-06-20T20:00:00+00:00,notstarted,467,Germany,471,Côte d'Ivoire,,,2,275,2026-06-07T16:02:52Z
8320,2026-06-20T17:00:00+00:00,notstarted,469,Netherlands,731,Sweden,,,2,1183,2026-06-07T16:02:52Z
8315,2026-06-20T03:00:00+00:00,notstarted,932,Türkiye,458,Paraguay,,,2,1181,2026-06-07T16:02:52Z
8318,2026-06-20T00:30:00+00:00,notstarted,463,Brazil,465,Haiti,,,2,1185,2026-06-07T16:02:52Z
8317,2026-06-19T22:00:00+00:00,notstarted,466,Scotland,464,Morocco,,,2,273,2026-06-07T16:02:52Z
8316,2026-06-19T19:00:00+00:00,notstarted,457,USA,459,Australia,,,2,290,2026-06-07T16:02:52Z
8314,2026-06-19T01:00:00+00:00,notstarted,451,Mexico,453,South Korea,,,2,307,2026-06-07T16:02:52Z
8313,2026-06-18T22:00:00+00:00,notstarted,455,Canada,461,Qatar,,,2,266,2026-06-07T16:02:52Z
8312,2026-06-18T19:00:00+00:00,notstarted,462,Switzerland,931,Bosnia & Herzegovina,,,2,1180,2026-06-07T16:02:52Z
8311,2026-06-18T16:00:00+00:00,notstarted,930,Czechia,452,South Africa,,,2,265,2026-06-07T16:02:52Z
8310,2026-06-18T02:00:00+00:00,notstarted,497,Uzbekistan,498,Colombia,,,1,295,2026-06-07T16:02:52Z
8309,2026-06-17T23:00:00+00:00,notstarted,495,Ghana,496,Panama,,,1,275,2026-06-07T16:02:52Z
8308,2026-06-17T20:00:00+00:00,notstarted,493,England,494,Croatia,,,1,1184,2026-06-07T16:02:52Z
8307,2026-06-17T17:00:00+00:00,notstarted,491,Portugal,648,DR Congo,,,1,1183,2026-06-07T16:02:52Z
8303,2026-06-17T04:00:00+00:00,notstarted,483,Austria,484,Jordan,,,1,1181,2026-06-07T16:02:52Z
8306,2026-06-17T01:00:00+00:00,notstarted,489,Argentina,490,Algeria,,,1,1187,2026-06-07T16:02:52Z
8305,2026-06-16T22:00:00+00:00,notstarted,933,Iraq,488,Norway,,,1,273,2026-06-07T16:02:52Z
8304,2026-06-16T19:00:00+00:00,notstarted,485,France,486,Senegal,,,1,1182,2026-06-07T16:02:52Z
8302,2026-06-16T01:00:00+00:00,notstarted,481,Iran,482,New Zealand,,,1,1180,2026-06-07T16:02:52Z
8301,2026-06-15T22:00:00+00:00,notstarted,479,Saudi Arabia,480,Uruguay,,,1,1186,2026-06-07T16:02:52Z
8300,2026-06-15T19:00:00+00:00,notstarted,477,Belgium,478,Egypt,,,1,290,2026-06-07T16:02:52Z
8299,2026-06-15T16:00:00+00:00,notstarted,475,Spain,476,Cabo Verde,,,1,265,2026-06-07T16:02:52Z
8298,2026-06-15T02:00:00+00:00,notstarted,731,Sweden,474,Tunisia,,,1,304,2026-06-07T16:02:52Z
8297,2026-06-14T23:00:00+00:00,notstarted,471,Côte d'Ivoire,472,Ecuador,,,1,1185,2026-06-07T16:02:52Z
8296,2026-06-14T20:00:00+00:00,notstarted,469,Netherlands,470,Japan,,,1,1184,2026-06-07T16:02:52Z
8295,2026-06-14T17:00:00+00:00,notstarted,467,Germany,468,Curaçao,,,1,1183,2026-06-07T16:02:52Z
8291,2026-06-14T04:00:00+00:00,notstarted,459,Australia,932,Türkiye,,,1,266,2026-06-07T16:02:52Z
8294,2026-06-14T01:00:00+00:00,notstarted,465,Haiti,466,Scotland,,,1,273,2026-06-07T16:02:52Z
8293,2026-06-13T22:00:00+00:00,notstarted,463,Brazil,464,Morocco,,,1,1182,2026-06-07T16:02:52Z
8292,2026-06-13T19:00:00+00:00,notstarted,461,Qatar,462,Switzerland,,,1,1181,2026-06-07T16:02:52Z
8290,2026-06-13T01:00:00+00:00,notstarted,457,USA,458,Paraguay,,,1,1180,2026-06-07T16:02:52Z
8289,2026-06-12T19:00:00+00:00,notstarted,455,Canada,931,Bosnia & Herzegovina,,,1,275,2026-06-07T16:02:52Z
8288,2026-06-12T02:00:00+00:00,notstarted,453,South Korea,930,Czechia,,,1,307,2026-06-07T16:02:52Z
8287,2026-06-11T19:00:00+00:00,notstarted,451,Mexico,452,South Africa,,,1,295,2026-06-07T16:02:52Z
190291,2022-12-02T18:00:00+00:00,finished,1328,Serbia,462,Switzerland,2,3,,,2026-06-07T16:02:52Z
190292,2022-12-02T18:00:00+00:00,finished,658,Cameroon,463,Brazil,1,0,,505,2026-06-07T16:02:52Z
190297,2022-12-02T14:00:00+00:00,finished,495,Ghana,480,Uruguay,0,2,,448,2026-06-07T16:02:52Z
190298,2022-12-02T11:00:00+00:00,finished,453,South Korea,491,Portugal,2,1,,428,2026-06-07T16:02:52Z
190279,2022-12-01T18:00:00+00:00,finished,470,Japan,475,Spain,2,1,,,2026-06-07T16:02:52Z
190286,2022-12-01T14:00:00+00:00,finished,455,Canada,464,Morocco,1,2,,,2026-06-07T16:02:52Z
190285,2022-12-01T14:00:00+00:00,finished,494,Croatia,477,Belgium,0,0,,,2026-06-07T16:02:52Z
190280,2022-12-01T11:00:00+00:00,finished,699,Costa Rica,467,Germany,2,4,,522,2026-06-07T16:02:52Z
190268,2022-11-30T18:00:00+00:00,finished,479,Saudi Arabia,451,Mexico,1,2,,437,2026-06-07T16:02:52Z
190267,2022-11-30T18:00:00+00:00,finished,466,Scotland,489,Argentina,0,2,,,2026-06-07T16:02:52Z
190273,2022-11-30T14:00:00+00:00,finished,459,Australia,1327,Denmark,1,0,,,2026-06-07T16:02:52Z
190274,2022-11-30T11:00:00+00:00,finished,474,Tunisia,485,France,1,0,,433,2026-06-07T16:02:52Z
190262,2022-11-29T18:00:00+00:00,finished,481,Iran,457,USA,0,1,,439,2026-06-07T16:02:52Z
190261,2022-11-29T18:00:00+00:00,finished,727,Wales,493,England,0,3,,536,2026-06-07T16:02:52Z
190255,2022-11-29T14:00:00+00:00,finished,472,Ecuador,486,Senegal,1,2,,432,2026-06-07T16:02:52Z
190256,2022-11-29T11:00:00+00:00,finished,469,Netherlands,461,Qatar,2,0,,,2026-06-07T16:02:52Z
190296,2022-11-28T18:00:00+00:00,finished,491,Portugal,480,Uruguay,2,0,,,2026-06-07T16:02:52Z
190290,2022-11-28T15:00:00+00:00,finished,463,Brazil,462,Switzerland,1,0,,,2026-06-07T16:02:52Z
190295,2022-11-28T12:00:00+00:00,finished,453,South Korea,495,Ghana,2,3,,428,2026-06-07T16:02:52Z
190289,2022-11-28T09:00:00+00:00,finished,658,Cameroon,1328,Serbia,3,3,,505,2026-06-07T16:02:52Z
190278,2022-11-27T18:00:00+00:00,finished,475,Spain,467,Germany,1,1,,,2026-06-07T16:02:52Z
190284,2022-11-27T15:00:00+00:00,finished,494,Croatia,455,Canada,4,1,,,2026-06-07T16:02:52Z
190283,2022-11-27T12:00:00+00:00,finished,477,Belgium,464,Morocco,0,2,,435,2026-06-07T16:02:52Z
190277,2022-11-27T09:00:00+00:00,finished,470,Japan,699,Costa Rica,0,1,,,2026-06-07T16:02:52Z
190266,2022-11-26T18:00:00+00:00,finished,489,Argentina,451,Mexico,2,0,,445,2026-06-07T16:02:52Z
190272,2022-11-26T15:00:00+00:00,finished,485,France,1327,Denmark,2,1,,442,2026-06-07T16:02:52Z
190265,2022-11-26T12:00:00+00:00,finished,466,Scotland,479,Saudi Arabia,2,0,,,2026-06-07T16:02:52Z
190271,2022-11-26T09:00:00+00:00,finished,474,Tunisia,459,Australia,0,1,,433,2026-06-07T16:02:52Z
190260,2022-11-25T18:00:00+00:00,finished,493,England,457,USA,0,0,,447,2026-06-07T16:02:52Z
190254,2022-11-25T15:00:00+00:00,finished,469,Netherlands,472,Ecuador,1,1,,,2026-06-07T16:02:52Z
190253,2022-11-25T12:00:00+00:00,finished,461,Qatar,486,Senegal,1,3,,,2026-06-07T16:02:52Z
190259,2022-11-25T09:00:00+00:00,finished,727,Wales,481,Iran,0,2,,536,2026-06-07T16:02:52Z
190288,2022-11-24T18:00:00+00:00,finished,463,Brazil,1328,Serbia,2,0,,,2026-06-07T16:02:52Z
190294,2022-11-24T15:00:00+00:00,finished,491,Portugal,495,Ghana,3,2,,,2026-06-07T16:02:52Z
190293,2022-11-24T12:00:00+00:00,finished,480,Uruguay,453,South Korea,0,0,,438,2026-06-07T16:02:52Z
190287,2022-11-24T09:00:00+00:00,finished,462,Switzerland,658,Cameroon,1,0,,,2026-06-07T16:02:52Z
190282,2022-11-23T18:00:00+00:00,finished,477,Belgium,455,Canada,1,0,,435,2026-06-07T16:02:52Z
190276,2022-11-23T15:00:00+00:00,finished,475,Spain,699,Costa Rica,7,0,,,2026-06-07T16:02:52Z
190275,2022-11-23T12:00:00+00:00,finished,467,Germany,470,Japan,1,2,,,2026-06-07T16:02:52Z
190281,2022-11-23T09:00:00+00:00,finished,464,Morocco,494,Croatia,0,0,,430,2026-06-07T16:02:52Z
190270,2022-11-22T18:00:00+00:00,finished,485,France,459,Australia,4,1,,442,2026-06-07T16:02:52Z
190264,2022-11-22T15:00:00+00:00,finished,451,Mexico,466,Scotland,0,0,,,2026-06-07T16:02:52Z
190269,2022-11-22T12:00:00+00:00,finished,1327,Denmark,474,Tunisia,0,0,,,2026-06-07T16:02:52Z
190263,2022-11-22T09:00:00+00:00,finished,489,Argentina,479,Saudi Arabia,1,2,,445,2026-06-07T16:02:52Z
190258,2022-11-21T18:00:00+00:00,finished,457,USA,727,Wales,1,1,,,2026-06-07T16:02:52Z
190252,2022-11-21T15:00:00+00:00,finished,486,Senegal,469,Netherlands,0,2,,443,2026-06-07T16:02:52Z
190257,2022-11-21T12:00:00+00:00,finished,493,England,481,Iran,6,2,,447,2026-06-07T16:02:52Z
190251,2022-11-20T15:00:00+00:00,finished,461,Qatar,472,Ecuador,0,2,,,2026-06-07T16:02:52Z
190244,2018-06-28T17:00:00+00:00,finished,496,Panama,474,Tunisia,1,2,,,2026-06-07T16:02:52Z
190243,2018-06-28T16:00:00+00:00,finished,493,England,477,Belgium,0,1,,447,2026-06-07T16:02:52Z
190250,2018-06-28T14:00:00+00:00,finished,486,Senegal,498,Colombia,0,1,,443,2026-06-07T16:02:52Z
190249,2018-06-28T13:00:00+00:00,finished,470,Japan,466,Scotland,0,1,,,2026-06-07T16:02:52Z
190231,2018-06-27T17:00:00+00:00,finished,1328,Serbia,463,Brazil,0,2,,,2026-06-07T16:02:52Z
190232,2018-06-27T17:00:00+00:00,finished,462,Switzerland,699,Costa Rica,2,2,,,2026-06-07T16:02:52Z
190238,2018-06-27T15:00:00+00:00,finished,451,Mexico,731,Sweden,0,3,,,2026-06-07T16:02:52Z
190237,2018-06-27T13:00:00+00:00,finished,453,South Korea,467,Germany,2,0,,428,2026-06-07T16:02:52Z
190226,2018-06-26T17:00:00+00:00,finished,493,England,494,Croatia,1,2,,447,2026-06-07T16:02:52Z
190225,2018-06-26T17:00:00+00:00,finished,490,Algeria,489,Argentina,1,2,,446,2026-06-07T16:02:52Z
190220,2018-06-26T13:00:00+00:00,finished,459,Australia,713,Peru,0,2,,,2026-06-07T16:02:52Z
190219,2018-06-26T13:00:00+00:00,finished,1327,Denmark,485,France,0,0,,,2026-06-07T16:02:52Z
190213,2018-06-25T17:00:00+00:00,finished,481,Iran,491,Portugal,1,1,,439,2026-06-07T16:02:52Z
190214,2018-06-25T16:00:00+00:00,finished,475,Spain,464,Morocco,2,2,,,2026-06-07T16:02:52Z
190207,2018-06-25T14:00:00+00:00,finished,480,Uruguay,697,Russia,3,0,,438,2026-06-07T16:02:52Z
190208,2018-06-25T13:00:00+00:00,finished,479,Saudi Arabia,478,Egypt,2,1,,437,2026-06-07T16:02:52Z
190248,2018-06-24T17:00:00+00:00,finished,466,Scotland,498,Colombia,0,3,,,2026-06-07T16:02:52Z
190247,2018-06-24T16:00:00+00:00,finished,470,Japan,486,Senegal,2,2,,,2026-06-07T16:02:52Z
190242,2018-06-24T11:00:00+00:00,finished,493,England,496,Panama,6,1,,447,2026-06-07T16:02:52Z
190236,2018-06-23T17:00:00+00:00,finished,467,Germany,731,Sweden,2,1,,,2026-06-07T16:02:52Z
190235,2018-06-23T14:00:00+00:00,finished,453,South Korea,451,Mexico,1,2,,428,2026-06-07T16:02:52Z
190241,2018-06-23T11:00:00+00:00,finished,477,Belgium,474,Tunisia,5,2,,435,2026-06-07T16:02:52Z
190230,2018-06-22T16:00:00+00:00,finished,1328,Serbia,462,Switzerland,1,2,,,2026-06-07T16:02:52Z
190224,2018-06-22T14:00:00+00:00,finished,490,Algeria,493,England,2,0,,446,2026-06-07T16:02:52Z
190229,2018-06-22T11:00:00+00:00,finished,463,Brazil,699,Costa Rica,2,0,,,2026-06-07T16:02:52Z
190223,2018-06-21T17:00:00+00:00,finished,489,Argentina,494,Croatia,0,3,,445,2026-06-07T16:02:52Z
190218,2018-06-21T16:00:00+00:00,finished,485,France,713,Peru,1,0,,442,2026-06-07T16:02:52Z
190217,2018-06-21T12:00:00+00:00,finished,1327,Denmark,459,Australia,1,1,,,2026-06-07T16:02:52Z
190212,2018-06-20T17:00:00+00:00,finished,481,Iran,475,Spain,0,1,,439,2026-06-07T16:02:52Z
190206,2018-06-20T14:00:00+00:00,finished,480,Uruguay,479,Saudi Arabia,1,0,,438,2026-06-07T16:02:52Z
190211,2018-06-20T11:00:00+00:00,finished,491,Portugal,464,Morocco,1,0,,,2026-06-07T16:02:52Z
190205,2018-06-19T17:00:00+00:00,finished,697,Russia,478,Egypt,3,1,,520,2026-06-07T16:02:52Z
190246,2018-06-19T14:00:00+00:00,finished,466,Scotland,486,Senegal,1,2,,,2026-06-07T16:02:52Z
190245,2018-06-19T11:00:00+00:00,finished,498,Colombia,470,Japan,1,2,,,2026-06-07T16:02:52Z
190240,2018-06-18T17:00:00+00:00,finished,474,Tunisia,493,England,1,2,,433,2026-06-07T16:02:52Z
190239,2018-06-18T14:00:00+00:00,finished,477,Belgium,496,Panama,3,0,,435,2026-06-07T16:02:52Z
190234,2018-06-18T11:00:00+00:00,finished,731,Sweden,453,South Korea,1,0,,,2026-06-07T16:02:52Z
190228,2018-06-17T17:00:00+00:00,finished,463,Brazil,462,Switzerland,1,1,,,2026-06-07T16:02:52Z
190233,2018-06-17T14:00:00+00:00,finished,467,Germany,451,Mexico,0,1,,,2026-06-07T16:02:52Z
190227,2018-06-17T12:00:00+00:00,finished,699,Costa Rica,1328,Serbia,0,1,,522,2026-06-07T16:02:52Z
190222,2018-06-16T17:00:00+00:00,finished,494,Croatia,490,Algeria,2,0,,,2026-06-07T16:02:52Z
190216,2018-06-16T15:00:00+00:00,finished,713,Peru,1327,Denmark,0,1,,529,2026-06-07T16:02:52Z
190221,2018-06-16T12:00:00+00:00,finished,489,Argentina,493,England,1,1,,445,2026-06-07T16:02:52Z
190215,2018-06-16T09:00:00+00:00,finished,485,France,459,Australia,2,1,,442,2026-06-07T16:02:52Z
190210,2018-06-15T17:00:00+00:00,finished,491,Portugal,475,Spain,3,3,,,2026-06-07T16:02:52Z
190209,2018-06-15T14:00:00+00:00,finished,464,Morocco,481,Iran,0,1,,430,2026-06-07T16:02:52Z
190204,2018-06-15T13:00:00+00:00,finished,478,Egypt,480,Uruguay,0,1,,436,2026-06-07T16:02:52Z
190203,2018-06-14T14:00:00+00:00,finished,697,Russia,479,Saudi Arabia,5,0,,520,2026-06-07T16:02:52Z
190202,2014-06-26T13:00:00+00:00,finished,490,Algeria,697,Russia,1,1,,446,2026-06-07T16:02:52Z
190201,2014-06-26T13:00:00+00:00,finished,453,South Korea,477,Belgium,0,1,,428,2026-06-07T16:02:52Z
190196,2014-06-26T09:00:00+00:00,finished,491,Portugal,495,Ghana,2,1,,,2026-06-07T16:02:52Z
190195,2014-06-26T09:00:00+00:00,finished,457,USA,467,Germany,0,1,,,2026-06-07T16:02:52Z
190184,2014-06-25T13:00:00+00:00,finished,472,Ecuador,485,France,0,0,,432,2026-06-07T16:02:52Z
190183,2014-06-25T12:00:00+00:00,finished,722,Honduras,462,Switzerland,0,3,,533,2026-06-07T16:02:52Z
190189,2014-06-25T09:00:00+00:00,finished,490,Algeria,489,Argentina,2,3,,446,2026-06-07T16:02:52Z
190190,2014-06-25T09:00:00+00:00,finished,931,Bosnia & Herzegovina,481,Iran,3,1,,710,2026-06-07T16:02:52Z
190172,2014-06-24T13:00:00+00:00,finished,702,Greece,471,Côte d'Ivoire,2,1,,,2026-06-07T16:02:52Z
190171,2014-06-24T12:00:00+00:00,finished,470,Japan,498,Colombia,1,4,,,2026-06-07T16:02:52Z
190178,2014-06-24T09:00:00+00:00,finished,699,Costa Rica,493,England,0,0,,522,2026-06-07T16:02:52Z
190177,2014-06-24T09:00:00+00:00,finished,1326,Italy,480,Uruguay,0,1,,,2026-06-07T16:02:52Z
190160,2014-06-23T13:00:00+00:00,finished,494,Croatia,451,Mexico,1,3,,,2026-06-07T16:02:52Z
190159,2014-06-23T13:00:00+00:00,finished,658,Cameroon,463,Brazil,1,4,,505,2026-06-07T16:02:52Z
190166,2014-06-23T09:00:00+00:00,finished,469,Netherlands,936,Chile,2,0,,,2026-06-07T16:02:52Z
190165,2014-06-23T09:00:00+00:00,finished,459,Australia,475,Spain,0,3,,,2026-06-07T16:02:52Z
190194,2014-06-22T14:00:00+00:00,finished,457,USA,491,Portugal,2,2,,,2026-06-07T16:02:52Z
190200,2014-06-22T12:00:00+00:00,finished,453,South Korea,490,Algeria,2,4,,428,2026-06-07T16:02:52Z
190199,2014-06-22T09:00:00+00:00,finished,477,Belgium,697,Russia,1,0,,435,2026-06-07T16:02:52Z
190188,2014-06-21T14:00:00+00:00,finished,490,Algeria,931,Bosnia & Herzegovina,1,0,,446,2026-06-07T16:02:52Z
190193,2014-06-21T12:00:00+00:00,finished,467,Germany,495,Ghana,2,2,,,2026-06-07T16:02:52Z
190187,2014-06-21T09:00:00+00:00,finished,489,Argentina,481,Iran,1,0,,445,2026-06-07T16:02:52Z
190182,2014-06-20T15:00:00+00:00,finished,722,Honduras,472,Ecuador,1,2,,533,2026-06-07T16:02:52Z
190181,2014-06-20T12:00:00+00:00,finished,462,Switzerland,485,France,2,5,,,2026-06-07T16:02:52Z
190176,2014-06-20T09:00:00+00:00,finished,1326,Italy,699,Costa Rica,0,1,,,2026-06-07T16:02:52Z
190170,2014-06-19T15:00:00+00:00,finished,470,Japan,702,Greece,0,0,,,2026-06-07T16:02:52Z
190175,2014-06-19T12:00:00+00:00,finished,480,Uruguay,493,England,2,1,,438,2026-06-07T16:02:52Z
190169,2014-06-19T09:00:00+00:00,finished,498,Colombia,471,Côte d'Ivoire,2,1,,,2026-06-07T16:02:52Z
190158,2014-06-18T14:00:00+00:00,finished,658,Cameroon,494,Croatia,0,4,,505,2026-06-07T16:02:52Z
190164,2014-06-18T12:00:00+00:00,finished,475,Spain,936,Chile,0,2,,,2026-06-07T16:02:52Z
190163,2014-06-18T09:00:00+00:00,finished,459,Australia,469,Netherlands,2,3,,,2026-06-07T16:02:52Z
190198,2014-06-17T14:00:00+00:00,finished,697,Russia,453,South Korea,1,1,,520,2026-06-07T16:02:52Z
190157,2014-06-17T12:00:00+00:00,finished,463,Brazil,451,Mexico,0,0,,,2026-06-07T16:02:52Z
190197,2014-06-17T09:00:00+00:00,finished,477,Belgium,490,Algeria,2,1,,435,2026-06-07T16:02:52Z
190192,2014-06-16T15:00:00+00:00,finished,495,Ghana,457,USA,1,2,,448,2026-06-07T16:02:52Z
190186,2014-06-16T12:00:00+00:00,finished,481,Iran,490,Algeria,0,0,,439,2026-06-07T16:02:52Z
190191,2014-06-16T09:00:00+00:00,finished,467,Germany,491,Portugal,4,0,,,2026-06-07T16:02:52Z
190185,2014-06-15T15:00:00+00:00,finished,489,Argentina,931,Bosnia & Herzegovina,2,1,,445,2026-06-07T16:02:52Z
190180,2014-06-15T12:00:00+00:00,finished,485,France,722,Honduras,3,0,,442,2026-06-07T16:02:52Z
190179,2014-06-15T09:00:00+00:00,finished,462,Switzerland,472,Ecuador,2,1,,,2026-06-07T16:02:52Z
190168,2014-06-14T18:00:00+00:00,finished,471,Côte d'Ivoire,470,Japan,2,1,,,2026-06-07T16:02:52Z
190174,2014-06-14T14:00:00+00:00,finished,493,England,1326,Italy,1,2,,447,2026-06-07T16:02:52Z
190173,2014-06-14T12:00:00+00:00,finished,480,Uruguay,699,Costa Rica,1,3,,438,2026-06-07T16:02:52Z
190167,2014-06-14T09:00:00+00:00,finished,498,Colombia,702,Greece,3,0,,,2026-06-07T16:02:52Z
190162,2014-06-13T14:00:00+00:00,finished,936,Chile,459,Australia,3,1,,,2026-06-07T16:02:52Z
190161,2014-06-13T12:00:00+00:00,finished,475,Spain,469,Netherlands,1,5,,,2026-06-07T16:02:52Z
190156,2014-06-13T09:00:00+00:00,finished,451,Mexico,658,Cameroon,1,0,,,2026-06-07T16:02:52Z
190155,2014-06-12T13:00:00+00:00,finished,463,Brazil,494,Croatia,3,1,,,2026-06-07T16:02:52Z
